<?xml version="1.0"?>
<!--  needed changing by gary 15/1/2003 to get sign correct ! -->

<!DOCTYPE AMuonGeometry [


<!ELEMENT AMuonGeometry (section)>

<!ELEMENT section (ABox*, ATBx*, ATrd*)>
<!ATTLIST section
         name        CDATA " "
         version     CDATA " "
         date        CDATA " "
         author      CDATA " "
         top_volume  CDATA " "
         DTD_version CDATA " ">

<!ELEMENT  ABox   EMPTY >
<!ATTLIST  ABox
           n           CDATA     #REQUIRED
           zi          CDATA     #REQUIRED
           zo          CDATA     #REQUIRED
           ri          CDATA     #REQUIRED
           ro          CDATA     #REQUIRED
           w           CDATA     #REQUIRED
           s           CDATA     #REQUIRED
           dphi        CDATA     "0"
           sh          CDATA     "0"
           RPCi        CDATA     "0"
           RPCo        CDATA     "0">



<!ELEMENT  ATBx   EMPTY >
<!ATTLIST  ATBx
       n           CDATA     #REQUIRED
       zi          CDATA     #REQUIRED
       zo          CDATA     #REQUIRED
       ri          CDATA     #REQUIRED
       ro          CDATA     #REQUIRED
       w           CDATA     #REQUIRED
       s           CDATA     #REQUIRED
       sh          CDATA     "0"
       dphi        CDATA     "0"
       RPCi        CDATA     "0"
       RPCo        CDATA     "0"
       zis         CDATA     #REQUIRED
       zos         CDATA     #REQUIRED
       ws          CDATA     #REQUIRED
       or          CDATA     "0">


<!ELEMENT  ATrd   EMPTY >
<!ATTLIST  ATrd
           n           CDATA     #REQUIRED
           zi          CDATA     #REQUIRED
           zo          CDATA     #REQUIRED
           ri          CDATA     #REQUIRED
           ro          CDATA     #REQUIRED
           wi          CDATA     #REQUIRED
           wo          CDATA     #REQUIRED
           s           CDATA     #REQUIRED
           dphi        CDATA     "0"
           a           CDATA     "0">


]>

<AMuonGeometry>

<section name        = "AGMU"
         version     = "1.1"
         date        = "May 2002"
         author      = "Frans Crijns"
         top_volume  = "ATLAS"
         DTD_version = "v4">


<!--  ==========  BIS  ==========  BIS  ==========  BIS  ==========  BIS  ==========  BIS  ==========  BIS  ==========  BIS  ==========  BIS  ==========  BIS  ==========  BIS  =====
-->
<!--    Define for  8 BIS chambers the Atlantis Graphics data
-->
<ABox n="MDT_BIS1"  zi="   1.000"   zo=" 110.620"   ri=" 438.297"   ro=" 466.703"  w="167.150"                s="12345678" dphi=" 22.500"                              />
<ABox n="MDT_BIS2"  zi=" 111.000"   zo=" 202.600"   ri=" 438.297"   ro=" 466.703"  w="167.150"                s="12345678" dphi=" 22.500"                              />
<ABox n="MDT_BIS3"  zi=" 203.000"   zo=" 294.600"   ri=" 438.297"   ro=" 466.703"  w="167.150"                s="12345678" dphi=" 22.500"                              />
<ABox n="MDT_BIS4"  zi=" 295.000"   zo=" 386.600"   ri=" 438.297"   ro=" 466.703"  w="167.150"                s="12345678" dphi=" 22.500"                              />
<ABox n="MDT_BIS5"  zi=" 387.000"   zo=" 478.600"   ri=" 438.297"   ro=" 466.703"  w="167.150"                s="12345678" dphi=" 22.500"                              />
<ABox n="MDT_BIS6"  zi=" 479.000"   zo=" 570.600"   ri=" 438.297"   ro=" 466.703"  w="167.150"                s="12345678" dphi=" 22.500"                              />
<ABox n="MDT_BIS7"  zi=" 571.000"   zo=" 680.620"   ri=" 438.297"   ro=" 466.703"  w="167.150"                s="12345678" dphi=" 22.500"                              />
<ABox n="MDT_BIS8"  zi=" 681.000"   zo=" 754.580"   ri=" 449.823"   ro=" 466.776"  w=" 85.150" sh="   6.000"  s="12345678" dphi=" 22.500"                              />

<!--  ==========  BEE  ==========  BEE  ==========  BEE  ==========  BEE  ==========  BEE  ==========  BEE  ==========  BEE  ==========  BEE  ==========  BEE  ==========  BEE  =====
-->
<!--    Define for  2 BEE chambers the Atlantis Graphics data
-->
<ABox n="MDT_BEE1"  zi=" 879.000"   zo="1024.670"   ri=" 434.523"   ro=" 451.477"  w=" 91.150"                s="12345678" dphi=" 22.500"                              />
<ABox n="MDT_BEE2"  zi="1025.000"   zo="1170.670"   ri=" 434.523"   ro=" 451.477"  w=" 91.150"                s="12345678" dphi=" 22.500"                              />

<!--  ==========  BIL  ==========  BIL  ==========  BIL  ==========  BIL  ==========  BIL  ==========  BIL  ==========  BIL  ==========  BIL  ==========  BIL  ==========  BIL  =====
-->
<!--    Define for  9 BIL chambers the Atlantis Graphics data
-->
<ABox n="MDT_BIL1"  zi="  15.100"   zo=" 124.720"   ri=" 471.797"   ro=" 513.404"  w="267.150"                s="12345_7_"                                             />
<ABox n="MDT_BIL2"  zi=" 125.100"   zo=" 234.720"   ri=" 471.797"   ro=" 513.404"  w="267.150"                s="12345_7_"                                             />
<ABox n="MDT_BIL3"  zi=" 235.100"   zo=" 344.720"   ri=" 471.797"   ro=" 513.404"  w="267.150"                s="12345___"                                             />
<ABox n="MDT_BIL3"  zi=" 235.100"   zo=" 326.700"   ri=" 471.797"   ro=" 513.404"  w="267.150"                s="______7_"                                             />
<ABox n="MDT_BIL4"  zi=" 345.100"   zo=" 454.720"   ri=" 471.797"   ro=" 513.404"  w="267.150"                s="12345___"                                             />
<ABox n="MDT_BIL4"  zi=" 327.100"   zo=" 418.700"   ri=" 471.797"   ro=" 513.404"  w="267.150"                s="______7_"                                             />
<ABox n="MDT_BIL5"  zi=" 455.100"   zo=" 546.700"   ri=" 471.797"   ro=" 513.404"  w="267.150"                s="12345___"                                             />
<ABox n="MDT_BIL5"  zi=" 419.100"   zo=" 528.720"   ri=" 471.797"   ro=" 513.404"  w="267.150"                s="______7_"                                             />
<ABox n="MDT_BIL6"  zi=" 547.100"   zo=" 656.720"   ri=" 471.797"   ro=" 513.404"  w="267.150"                s="12345_7_"                                             />

<!--  ==========  BIM  ==========  BIM  ==========  BIM  ==========  BIM  ==========  BIM  ==========  BIM  ==========  BIM  ==========  BIM  ==========  BIM  ==========  BIM  =====
-->
<!--    Define for  6 BIM chambers the Atlantis Graphics data
-->
<ABox n="MDT_BIM1"  zi="  15.100"   zo=" 124.720"   ri=" 501.996"   ro=" 543.604"  w="153.650" sh=" -56.600"  s="_____6__"                                             />
<ABox n="MDT_BIM2"  zi=" 125.100"   zo=" 216.700"   ri=" 501.996"   ro=" 543.604"  w="153.650" sh=" -56.600"  s="_____6__"                                             />
<ABox n="MDT_BIM3"  zi=" 217.100"   zo=" 326.720"   ri=" 501.996"   ro=" 543.604"  w="153.650" sh=" -56.600"  s="_____6__"                                             />
<ABox n="MDT_BIM4"  zi=" 327.100"   zo=" 436.720"   ri=" 501.996"   ro=" 543.604"  w="153.650" sh=" -56.600"  s="_____6__"                                             />
<ABox n="MDT_BIM5"  zi=" 437.100"   zo=" 546.720"   ri=" 501.996"   ro=" 543.604"  w="153.650" sh=" -56.600"  s="_____6__"                                             />
<ABox n="MDT_BIM6"  zi=" 547.100"   zo=" 656.720"   ri=" 501.996"   ro=" 543.604"  w="153.650" sh=" -56.600"  s="_____6__"                                             />
<!--  needed changing by gary 15/1/2003 to get sign correct ! -->
<ABox n="MDT_BIM1"  zi="  15.100"   zo=" 124.720"   ri=" 501.996"   ro=" 543.604"  w="153.650" sh="  56.600"  s="_______8"                                             />
<ABox n="MDT_BIM2"  zi=" 125.100"   zo=" 216.700"   ri=" 501.996"   ro=" 543.604"  w="153.650" sh="  56.600"  s="_______8"                                             />
<ABox n="MDT_BIM3"  zi=" 217.100"   zo=" 326.720"   ri=" 501.996"   ro=" 543.604"  w="153.650" sh="  56.600"  s="_______8"                                             />
<ABox n="MDT_BIM4"  zi=" 327.100"   zo=" 436.720"   ri=" 501.996"   ro=" 543.604"  w="153.650" sh="  56.600"  s="_______8"                                             />
<ABox n="MDT_BIM5"  zi=" 437.100"   zo=" 546.720"   ri=" 501.996"   ro=" 543.604"  w="153.650" sh="  56.600"  s="_______8"                                             />
<ABox n="MDT_BIM6"  zi=" 547.100"   zo=" 656.720"   ri=" 501.996"   ro=" 543.604"  w="153.650" sh="  56.600"  s="_______8"                                             />

<!--  ==========  BIR  ==========  BIR  ==========  BIR  ==========  BIR  ==========  BIR  ==========  BIR  ==========  BIR  ==========  BIR  ==========  BIR  ==========  BIR  =====
-->
<!--    Define for  7 BIR chambers the Atlantis Graphics data
-->
<ABox n="MDT_BIR0"  zi=" -54.000"   zo="  55.620"   ri=" 582.497"   ro=" 624.104"  w="110.550" sh="  76.400"  s="_____6__"                                             />
<ABox n="MDT_BIR2"  zi=" 195.600"   zo=" 287.200"   ri=" 582.497"   ro=" 624.104"  w="153.650" sh="  76.400"  s="_____6__"                                             />
<ABox n="MDT_BIR3"  zi=" 289.000"   zo=" 398.620"   ri=" 582.497"   ro=" 624.104"  w="110.550" sh="  76.400"  s="_____6__"                                             />
<ABox n="MDT_BIR4"  zi=" 400.400"   zo=" 492.000"   ri=" 582.497"   ro=" 624.104"  w="153.650" sh="  76.400"  s="_____6__"                                             />
<ABox n="MDT_BIR5"  zi=" 535.700"   zo=" 609.280"   ri=" 582.497"   ro=" 624.104"  w="153.650" sh="  76.400"  s="_____6__"                                             />
<ABox n="MDT_BIR6"  zi=" 611.000"   zo=" 720.620"   ri=" 582.497"   ro=" 624.104"  w="110.550" sh="  76.400"  s="_____6__"                                             />
           <!--  needed changing by gary 15/1/2003 to get sign correct ! -->
<ABox n="MDT_BIR0"  zi=" -54.000"   zo="  55.620"   ri=" 582.497"   ro=" 624.104"  w="110.550" sh=" -76.400"  s="_______8"                                             />
<ABox n="MDT_BIR2"  zi=" 195.600"   zo=" 287.200"   ri=" 582.497"   ro=" 624.104"  w="153.650" sh=" -76.400"  s="_______8"                                             />
<ABox n="MDT_BIR3"  zi=" 289.000"   zo=" 398.620"   ri=" 582.497"   ro=" 624.104"  w="110.550" sh=" -76.400"  s="_______8"                                             />
<ABox n="MDT_BIR4"  zi=" 400.400"   zo=" 492.000"   ri=" 582.497"   ro=" 624.104"  w="153.650" sh=" -76.400"  s="_______8"                                             />
<ABox n="MDT_BIR5"  zi=" 535.700"   zo=" 609.280"   ri=" 582.497"   ro=" 624.104"  w="153.650" sh=" -76.400"  s="_______8"                                             />
<ABox n="MDT_BIR6"  zi=" 611.000"   zo=" 720.620"   ri=" 582.497"   ro=" 624.104"  w="110.550" sh=" -76.400"  s="_______8"                                             />

<!--  ==========  BMS  ==========  BMS  ==========  BMS  ==========  BMS  ==========  BMS  ==========  BMS  ==========  BMS  ==========  BMS  ==========  BMS  ==========  BMS  =====
-->
<!--    Define for  6 BMS chambers the Atlantis Graphics data
-->
<ABox n="MDT_BMS1"  zi="  15.000"   zo=" 184.690"   ri=" 773.798"   ro=" 840.202"  w="307.150"                s="12345__8" dphi=" 22.500"  RPCi="15.000" RPCo="15.000" />
<ABox n="MDT_BMS2"  zi=" 185.000"   zo=" 330.670"   ri=" 773.798"   ro=" 840.202"  w="307.150"                s="12345__8" dphi=" 22.500"  RPCi="15.000" RPCo="15.000" />
<ABox n="MDT_BMS3"  zi=" 368.000"   zo=" 513.670"   ri=" 773.798"   ro=" 840.202"  w="307.150"                s="12345__8" dphi=" 22.500"  RPCi="15.000" RPCo="15.000" />
<ABox n="MDT_BMS4"  zi=" 514.000"   zo=" 659.670"   ri=" 773.798"   ro=" 840.202"  w="307.150"                s="12345__8" dphi=" 22.500"  RPCi="15.000" RPCo="15.000" />
<ABox n="MDT_BMS5"  zi=" 692.500"   zo=" 790.110"   ri=" 773.798"   ro=" 840.202"  w="307.150"                s="12345__8" dphi=" 22.500"  RPCi="15.000" RPCo="15.000" />
<ABox n="MDT_BMS6"  zi=" 790.500"   zo=" 936.170"   ri=" 773.798"   ro=" 840.202"  w="307.150"                s="12345__8" dphi=" 22.500"  RPCi="15.000" RPCo="15.000" />

<!--  ==========  BMF  ==========  BMF  ==========  BMF  ==========  BMF  ==========  BMF  ==========  BMF  ==========  BMF  ==========  BMF  ==========  BMF  ==========  BMF  =====
-->
<!--    Define for  3 BMF chambers the Atlantis Graphics data
-->
<ABox n="MDT_BMF1"  zi="  62.570"   zo=" 280.320"   ri=" 773.798"   ro=" 840.202"  w="307.150"                s="_____67_" dphi=" 22.500"  RPCi="15.000" RPCo="15.000" />
<ABox n="MDT_BMF2"  zi=" 405.460"   zo=" 599.180"   ri=" 773.798"   ro=" 840.202"  w="307.150"                s="_____67_" dphi=" 22.500"  RPCi="15.000" RPCo="15.000" />
<ABox n="MDT_BMF3"  zi=" 727.920"   zo=" 873.590"   ri=" 773.798"   ro=" 840.202"  w="307.150"                s="_____67_" dphi=" 22.500"  RPCi="15.000" RPCo="15.000" />

<!--  ==========  BML  ==========  BML  ==========  BML  ==========  BML  ==========  BML  ==========  BML  ==========  BML  ==========  BML  ==========  BML  ==========  BML  =====
-->
<!--    Define for  6 BML chambers the Atlantis Graphics data
-->
<ABox n="MDT_BML1"  zi="  15.000"   zo=" 184.690"   ri=" 671.048"   ro=" 752.152"  w="355.150"                s="12345678"                 RPCi="15.000" RPCo="15.000" />
<ABox n="MDT_BML2"  zi=" 185.000"   zo=" 354.690"   ri=" 671.048"   ro=" 752.152"  w="355.150"                s="12345678"                 RPCi="15.000" RPCo="15.000" />
<ABox n="MDT_BML3"  zi=" 355.000"   zo=" 524.690"   ri=" 671.048"   ro=" 752.152"  w="355.150"                s="12345678"                 RPCi="15.000" RPCo="15.000" />
<ABox n="MDT_BML4"  zi=" 525.000"   zo=" 646.640"   ri=" 671.048"   ro=" 752.152"  w="355.150"                s="12345678"                 RPCi="15.000" RPCo="15.000" />
<ABox n="MDT_BML5"  zi=" 647.000"   zo=" 768.640"   ri=" 671.048"   ro=" 752.152"  w="355.150"                s="12345678"                 RPCi="15.000" RPCo="15.000" />
<ABox n="MDT_BML6"  zi=" 769.000"   zo=" 914.670"   ri=" 671.048"   ro=" 752.152"  w="355.150"                s="12345678"                 RPCi="15.000" RPCo="15.000" />

<!--  ==========  BOS  ==========  BOS  ==========  BOS  ==========  BOS  ==========  BOS  ==========  BOS  ==========  BOS  ==========  BOS  ==========  BOS  ==========  BOS  =====
-->
<!--    Define for  6 BOS chambers the Atlantis Graphics data
-->
<ABox n="MDT_BOS1"  zi="   1.000"   zo=" 218.750"   ri="1013.848"   ro="1079.952"  w="377.330"                s="12345__8" dphi=" 22.500"  RPCi="15.000"               />
<ABox n="MDT_BOS2"  zi=" 219.000"   zo=" 436.750"   ri="1013.848"   ro="1079.952"  w="377.330"                s="12345__8" dphi=" 22.500"  RPCi="15.000"               />
<ABox n="MDT_BOS3"  zi=" 437.000"   zo=" 654.750"   ri="1013.848"   ro="1079.952"  w="377.330"                s="12345__8" dphi=" 22.500"  RPCi="15.000"               />
<ABox n="MDT_BOS4"  zi=" 655.000"   zo=" 872.750"   ri="1013.848"   ro="1079.952"  w="377.330"                s="12345__8" dphi=" 22.500"  RPCi="15.000"               />
<ABox n="MDT_BOS5"  zi=" 873.000"   zo="1090.750"   ri="1013.848"   ro="1079.952"  w="377.330"                s="12345__8" dphi=" 22.500"  RPCi="15.000"               />
<ABox n="MDT_BOS6"  zi="1091.000"   zo="1284.720"   ri="1013.848"   ro="1079.952"  w="377.330"                s="12345__8" dphi=" 22.500"  RPCi="15.000"               />

<!--  ==========  BOF  ==========  BOF  ==========  BOF  ==========  BOF  ==========  BOF  ==========  BOF  ==========  BOF  ==========  BOF  ==========  BOF  ==========  BOF  =====
-->
<!--    Define for  4 BOF chambers the Atlantis Graphics data
-->
<ABox n="MDT_BOF1"  zi="  62.570"   zo=" 280.320"   ri="1021.648"   ro="1087.752"  w="377.330"                s="_____67_" dphi=" 22.500"  RPCi="15.000"               />
<ABox n="MDT_BOF3"  zi=" 405.460"   zo=" 599.180"   ri="1021.648"   ro="1087.752"  w="377.330"                s="_____67_" dphi=" 22.500"  RPCi="15.000"               />
<ABox n="MDT_BOF5"  zi=" 727.920"   zo=" 873.590"   ri="1021.648"   ro="1087.752"  w="377.330"                s="_____67_" dphi=" 22.500"  RPCi="15.000"               />
<ABox n="MDT_BOF7"  zi="1000.530"   zo="1146.200"   ri="1021.648"   ro="1087.752"  w="377.330"                s="_____67_" dphi=" 22.500"  RPCi="15.000"               />

<!--  ==========  BOG  ==========  BOG  ==========  BOG  ==========  BOG  ==========  BOG  ==========  BOG  ==========  BOG  ==========  BOG  ==========  BOG  ==========  BOG  =====
-->
<!--    Define for 10 BOG chambers the Atlantis Graphics data
-->

<ATBx n="MDT_BOG0"  zi=" -60.820"   zo="  60.820"   ri="1021.648"   ro="1087.752"  w="232.150" sh=" -74.500"  s="_____6__" dphi=" 22.500"  RPCi="15.000"
                   zis=" -42.799"  zos="  42.799"                                 ws="112.000"                               or="  0."                                 />
<ATBx n="MDT_BOG0"  zi=" -60.820"   zo="  60.820"   ri="1021.648"   ro="1087.752"  w="232.150" sh="  74.500"  s="______7_" dphi=" 22.500"  RPCi="15.000"
                   zis=" -42.799"  zos="  42.799"                                 ws="112.000"                               or="180."                                 />
<ATBx n="MDT_BOG2"  zi=" 282.070"   zo=" 403.710"   ri="1021.648"   ro="1087.752"  w="232.150" sh=" -74.500"  s="_____6__" dphi=" 22.500"  RPCi="15.000"
                   zis=" 300.091"  zos=" 385.689"                                 ws="112.000"                               or="  0."                                 />
<ATBx n="MDT_BOG2"  zi=" 282.070"   zo=" 403.710"   ri="1021.648"   ro="1087.752"  w="232.150" sh="  74.500"  s="______7_" dphi=" 22.500"  RPCi="15.000"
                   zis=" 300.091"  zos=" 385.689"                                 ws="112.000"                               or="180."                                 />
<ATBx n="MDT_BOG4"  zi=" 602.730"   zo=" 724.370"   ri="1021.648"   ro="1087.752"  w="232.150" sh=" -74.500"  s="_____6__" dphi=" 22.500"  RPCi="15.000"
                   zis=" 620.751"  zos=" 706.349"                                 ws="112.000"                               or="  0."                                 />
<ATBx n="MDT_BOG4"  zi=" 602.730"   zo=" 724.370"   ri="1021.648"   ro="1087.752"  w="232.150" sh="  74.500"  s="______7_" dphi=" 22.500"  RPCi="15.000"
                   zis=" 620.751"  zos=" 706.349"                                 ws="112.000"                               or="180."                                 />
<ATBx n="MDT_BOG6"  zi=" 877.140"   zo=" 998.780"   ri="1021.648"   ro="1087.752"  w="232.150" sh=" -74.500"  s="_____6__" dphi=" 22.500"  RPCi="15.000"
                   zis=" 895.161"  zos=" 980.759"                                 ws="112.000"                               or="  0."                                 />
<ATBx n="MDT_BOG6"  zi=" 877.140"   zo=" 998.780"   ri="1021.648"   ro="1087.752"  w="232.150" sh="  74.500"  s="______7_" dphi=" 22.500"  RPCi="15.000"
                   zis=" 895.161"  zos=" 980.759"                                 ws="112.000"                               or="180."                                 />
<ATBx n="MDT_BOG8"  zi="1147.950"   zo="1269.590"   ri="1021.648"   ro="1087.752"  w="232.150" sh=" -74.500"  s="_____6__" dphi=" 22.500"  RPCi="15.000"
                   zis="1165.971"  zos="1251.569"                                 ws="112.000"                               or="  0."                                 />
<ATBx n="MDT_BOG8"  zi="1147.950"   zo="1269.590"   ri="1021.648"   ro="1087.752"  w="232.150" sh="  74.500"  s="______7_" dphi=" 22.500"  RPCi="15.000"
                   zis="1165.971"  zos="1251.569"                                 ws="112.000"                               or="180."                                 />

<!--  ==========  BOH  ==========  BOH  ==========  BOH  ==========  BOH  ==========  BOH  ==========  BOH  ==========  BOH  ==========  BOH  ==========  BOH  ==========  BOH  =====
-->
<!--    Define for 10 BOH chambers the Atlantis Graphics data
-->

<ATBx n="MDT_BOH0"  zi=" -60.820"   zo="  60.820"   ri="1021.648"   ro="1087.752"  w="108.150" sh=" 136.500"  s="_____6__" dphi=" 22.500"  RPCi="15.000"
                   zis=" -42.799"  zos="  42.799"                                 ws=" 73.000"                               or="180."                                 />
<ATBx n="MDT_BOH0"  zi=" -60.820"   zo="  60.820"   ri="1021.648"   ro="1087.752"  w="108.150" sh="-136.500"  s="______7_" dphi=" 22.500"  RPCi="15.000"
                   zis=" -42.799"  zos="  42.799"                                 ws=" 73.000"                               or="  0."                                 />
<ATBx n="MDT_BOH2"  zi=" 282.070"   zo=" 403.710"   ri="1021.648"   ro="1087.752"  w="108.150" sh=" 136.500"  s="_____6__" dphi=" 22.500"  RPCi="15.000"
                   zis=" 300.091"  zos=" 385.689"                                 ws=" 73.000"                               or="180."                                 />
<ATBx n="MDT_BOH2"  zi=" 282.070"   zo=" 403.710"   ri="1021.648"   ro="1087.752"  w="108.150" sh="-136.500"  s="______7_" dphi=" 22.500"  RPCi="15.000"
                   zis=" 300.091"  zos=" 385.689"                                 ws=" 73.000"                               or="  0."                                 />
<ATBx n="MDT_BOH4"  zi=" 602.730"   zo=" 724.370"   ri="1021.648"   ro="1087.752"  w="108.150" sh=" 136.500"  s="_____6__" dphi=" 22.500"  RPCi="15.000"
                   zis=" 620.751"  zos=" 706.349"                                 ws=" 73.000"                               or="180."                                 />
<ATBx n="MDT_BOH4"  zi=" 602.730"   zo=" 724.370"   ri="1021.648"   ro="1087.752"  w="108.150" sh="-136.500"  s="______7_" dphi=" 22.500"  RPCi="15.000"
                   zis=" 620.751"  zos=" 706.349"                                 ws=" 73.000"                               or="  0."                                 />
<ATBx n="MDT_BOH6"  zi=" 877.140"   zo=" 998.780"   ri="1021.648"   ro="1087.752"  w="108.150" sh=" 136.500"  s="_____6__" dphi=" 22.500"  RPCi="15.000"
                   zis=" 895.161"  zos=" 980.759"                                 ws=" 73.000"                               or="180."                                 />
<ATBx n="MDT_BOH6"  zi=" 877.140"   zo=" 998.780"   ri="1021.648"   ro="1087.752"  w="108.150" sh="-136.500"  s="______7_" dphi=" 22.500"  RPCi="15.000"
                   zis=" 895.161"  zos=" 980.759"                                 ws=" 73.000"                               or="  0."                                 />
<ATBx n="MDT_BOH8"  zi="1147.950"   zo="1269.590"   ri="1021.648"   ro="1087.752"  w="108.150" sh=" 136.500"  s="_____6__" dphi=" 22.500"  RPCi="15.000"
                   zis="1165.971"  zos="1251.569"                                 ws=" 73.000"                               or="180."                                 />
<ATBx n="MDT_BOH8"  zi="1147.950"   zo="1269.590"   ri="1021.648"   ro="1087.752"  w="108.150" sh="-136.500"  s="______7_" dphi=" 22.500"  RPCi="15.000"
                   zis="1165.971"  zos="1251.569"                                 ws=" 73.000"                               or="  0."                                 />

<!--  ==========  BOL  ==========  BOL  ==========  BOL  ==========  BOL  ==========  BOL  ==========  BOL  ==========  BOL  ==========  BOL  ==========  BOL  ==========  BOL  =====
-->
<!--    Define for  6 BOL chambers the Atlantis Graphics data
-->
<ABox n="MDT_BOL1"  zi="  15.000"   zo=" 232.750"   ri=" 922.148"   ro=" 988.252"  w="496.150"                s="12345678"                               RPCo="15.000" />
<ABox n="MDT_BOL2"  zi=" 233.000"   zo=" 450.750"   ri=" 922.148"   ro=" 988.252"  w="496.150"                s="12345678"                               RPCo="15.000" />
<ABox n="MDT_BOL3"  zi=" 451.000"   zo=" 620.690"   ri=" 922.148"   ro=" 988.252"  w="496.150"                s="12345678"                               RPCo="15.000" />
<ABox n="MDT_BOL4"  zi=" 621.000"   zo=" 838.750"   ri=" 922.148"   ro=" 988.252"  w="496.150"                s="12345678"                               RPCo="15.000" />
<ABox n="MDT_BOL5"  zi=" 839.000"   zo="1056.750"   ri=" 922.148"   ro=" 988.252"  w="496.150"                s="12345678"                               RPCo="15.000" />
<ABox n="MDT_BOL6"  zi="1057.000"   zo="1226.690"   ri=" 922.148"   ro=" 988.252"  w="496.150"                s="12345678"                               RPCo="15.000" />

<!--  ==========  EIS  ==========  EIS  ==========  EIS  ==========  EIS  ==========  EIS  ==========  EIS  ==========  EIS  ==========  EIS  ==========  EIS  ==========  EIS  =====
-->
<!--    Define for  2 EIS chambers the Atlantis Graphics data
-->
<ATrd n="MDT_EIS1"  zi=" 701.146"   zo=" 737.854"   ri=" 207.600"   ro=" 335.250"  wi=" 84.800" wo="117.200"  s="12345678" dphi=" 22.500"  />
<ATrd n="MDT_EIS2"  zi=" 701.146"   zo=" 737.854"   ri=" 337.100"   ro=" 446.720"  wi="122.600" wo="149.600"  s="12345678" dphi=" 22.500"  />

<!--  ==========  EIL  ==========  EIL  ==========  EIL  ==========  EIL  ==========  EIL  ==========  EIL  ==========  EIL  ==========  EIL  ==========  EIL  ==========  EIL  =====
-->
<!--    Define for 10 EIL chambers the Atlantis Graphics data
-->
<ATrd n="MDT_EIL1"  zi=" 741.846"   zo=" 778.554"   ri=" 207.600"   ro=" 317.220"  wi="127.100" wo="172.100"  s="12345678"  />
<ATrd n="MDT_EIL2"  zi=" 741.846"   zo=" 778.554"   ri=" 319.100"   ro=" 428.720"  wi="181.100" wo="226.100"  s="12345678"  />
<ATrd n="MDT_EIL3"  zi=" 741.846"   zo=" 778.554"   ri=" 428.720"   ro=" 464.770"  wi="202.100" wo="202.100"  s="12345678"  />
<ATrd n="MDT_EIL4"  zi=" 741.846"   zo=" 778.554"   ri=" 472.100"   ro=" 635.790"  wi="244.100" wo="316.100"  s="123_5_7_"  />
<ATrd n="MDT_EIL4"  zi=" 741.846"   zo=" 778.554"   ri=" 472.100"   ro=" 581.720"  wi="190.100" wo="235.100"  s="___4____"  />
<ATrd n="MDT_EIL4"  zi=" 741.846"   zo=" 778.554"   ri=" 472.100"   ro=" 563.700"  wi="109.100" wo="145.100"  s="_____6__"  />
<ATrd n="MDT_EIL4"  zi=" 741.846"   zo=" 778.554"   ri=" 472.100"   ro=" 563.700"  wi="109.100" wo="145.100"  s="_______8"  />
<ATrd n="MDT_EIL5"  zi=" 741.846"   zo=" 778.554"   ri=" 580.226"   ro=" 635.786"  wi="298.100" wo="316.100"  s="___4____"  />
<ATrd n="MDT_EIL5"  zi=" 741.846"   zo=" 778.554"   ri=" 562.200"   ro=" 635.780"  wi="289.100" wo="316.100"  s="_____6__"  />
<ATrd n="MDT_EIL5"  zi=" 741.846"   zo=" 778.554"   ri=" 562.200"   ro=" 635.780"  wi="289.100" wo="316.100"  s="_______8"  />

<!--  ==========  EES  ==========  EES  ==========  EES  ==========  EES  ==========  EES  ==========  EES  ==========  EES  ==========  EES  ==========  EES  ==========  EES  =====
-->
<!--    Define for  2 EES chambers the Atlantis Graphics data
-->
<ATrd n="MDT_EES1"  zi="1016.498"   zo="1048.002"   ri=" 587.000"   ro=" 732.670"  wi="196.400" wo="232.400"  s="12345678" dphi=" 22.500"  />
<ATrd n="MDT_EES2"  zi="1016.498"   zo="1048.002"   ri=" 734.500"   ro=" 880.170"  wi="239.600" wo="275.600"  s="12345678" dphi=" 22.500"  />

<!--  ==========  EEL  ==========  EEL  ==========  EEL  ==========  EEL  ==========  EEL  ==========  EEL  ==========  EEL  ==========  EEL  ==========  EEL  ==========  EEL  =====
-->
<!--    Define for  8 EEL chambers the Atlantis Graphics data
-->
<ATrd n="MDT_EEL1"  zi=" 980.498"   zo="1012.002"   ri=" 543.000"   ro=" 664.640"  wi="289.100" wo="337.100"  s="123_5_7_"  />
<ATrd n="MDT_EEL1"  zi=" 980.498"   zo="1012.002"   ri=" 543.000"   ro=" 592.550"  wi="233.600" wo="245.600"  s="___4____"  />
<ATrd n="MDT_EEL1"  zi=" 980.498"   zo="1012.002"   ri=" 543.000"   ro=" 592.550"  wi="175.100" wo="187.100"  s="_____6__"  />
<ATrd n="MDT_EEL1"  zi=" 980.498"   zo="1012.002"   ri=" 543.000"   ro=" 592.550"  wi="175.100" wo="187.100"  s="_______8"  />
<ATrd n="MDT_EEL2"  zi=" 980.498"   zo="1012.002"   ri=" 589.560"   ro=" 663.140"  wi="313.100" wo="337.100"  s="___4____"  />
<ATrd n="MDT_EEL2"  zi=" 980.498"   zo="1012.002"   ri=" 589.560"   ro=" 663.140"  wi="296.600" wo="320.600"  s="_____6__"  />
<ATrd n="MDT_EEL2"  zi=" 980.498"   zo="1012.002"   ri=" 589.560"   ro=" 663.140"  wi="296.600" wo="320.600"  s="_______8"  />
<ATrd n="MDT_EEL2"  zi=" 980.498"   zo="1012.002"   ri=" 666.500"   ro=" 812.170"  wi="349.100" wo="409.100"  s="12345678"  />

<!--  ==========  EMS  ==========  EMS  ==========  EMS  ==========  EMS  ==========  EMS  ==========  EMS  ==========  EMS  ==========  EMS  ==========  EMS  ==========  EMS  =====
-->
<!--    Define for  5 EMS chambers the Atlantis Graphics data
-->
<ATrd n="MDT_EMS1"  zi="1326.598"   zo="1363.002"   ri=" 177.000"   ro=" 370.720"  wi=" 78.500" wo="128.900"  s="12345678" dphi=" 22.500"  />
<ATrd n="MDT_EMS2"  zi="1326.598"   zo="1363.002"   ri=" 372.500"   ro=" 566.220"  wi="136.100" wo="186.500"  s="12345678" dphi=" 22.500"  />
<ATrd n="MDT_EMS3"  zi="1326.598"   zo="1363.002"   ri=" 568.000"   ro=" 761.720"  wi="193.700" wo="244.100"  s="12345678" dphi=" 22.500"  />
<ATrd n="MDT_EMS4"  zi="1326.598"   zo="1363.002"   ri=" 763.500"   ro=" 957.220"  wi="251.300" wo="301.700"  s="12345678" dphi=" 22.500"  />
<ATrd n="MDT_EMS5"  zi="1326.598"   zo="1363.002"   ri=" 959.000"   ro="1152.720"  wi="308.900" wo="359.300"  s="12345678" dphi=" 22.500"  />

<!--  ==========  EML  ==========  EML  ==========  EML  ==========  EML  ==========  EML  ==========  EML  ==========  EML  ==========  EML  ==========  EML  ==========  EML  =====
-->
<!--    Define for  5 EML chambers the Atlantis Graphics data
-->
<ATrd n="MDT_EML1"  zi="1367.498"   zo="1403.902"   ri=" 177.000"   ro=" 346.690"  wi="113.600" wo="185.600"  s="12345678"  />
<ATrd n="MDT_EML2"  zi="1367.498"   zo="1403.902"   ri=" 348.500"   ro=" 542.220"  wi="197.600" wo="281.600"  s="12345678"  />
<ATrd n="MDT_EML3"  zi="1367.498"   zo="1403.902"   ri=" 544.000"   ro=" 737.720"  wi="293.600" wo="377.600"  s="12345678"  />
<ATrd n="MDT_EML4"  zi="1367.498"   zo="1403.902"   ri=" 739.500"   ro=" 933.220"  wi="389.600" wo="473.600"  s="12345678"  />
<ATrd n="MDT_EML5"  zi="1367.498"   zo="1403.902"   ri=" 935.000"   ro="1128.720"  wi="485.600" wo="569.600"  s="12345678"  />

<!--  ==========  EOS  ==========  EOS  ==========  EOS  ==========  EOS  ==========  EOS  ==========  EOS  ==========  EOS  ==========  EOS  ==========  EOS  ==========  EOS  =====
-->
<!--    Define for  6 EOS chambers the Atlantis Graphics data
-->
<ATrd n="MDT_EOS1"  zi="2156.398"   zo="2192.802"   ri=" 277.000"   ro=" 446.690"  wi="119.900" wo="163.100"  s="12345678" dphi=" 22.500"  />
<ATrd n="MDT_EOS2"  zi="2156.398"   zo="2192.802"   ri=" 448.500"   ro=" 618.190"  wi="170.300" wo="213.500"  s="12345678" dphi=" 22.500"  />
<ATrd n="MDT_EOS3"  zi="2156.398"   zo="2192.802"   ri=" 620.000"   ro=" 789.690"  wi="220.700" wo="263.900"  s="12345678" dphi=" 22.500"  />
<ATrd n="MDT_EOS4"  zi="2156.398"   zo="2192.802"   ri=" 791.500"   ro=" 937.170"  wi="271.100" wo="307.100"  s="12345678" dphi=" 22.500"  />
<ATrd n="MDT_EOS5"  zi="2156.398"   zo="2192.802"   ri=" 939.000"   ro="1084.670"  wi="314.300" wo="350.300"  s="12345678" dphi=" 22.500"  />
<ATrd n="MDT_EOS6"  zi="2156.398"   zo="2192.802"   ri="1086.500"   ro="1232.170"  wi="357.500" wo="393.500"  s="12345678" dphi=" 22.500"  />

<!--  ==========  EOL  ==========  EOL  ==========  EOL  ==========  EOL  ==========  EOL  ==========  EOL  ==========  EOL  ==========  EOL  ==========  EOL  ==========  EOL  =====
-->
<!--    Define for  6 EOL chambers the Atlantis Graphics data
-->
<ATrd n="MDT_EOL1"  zi="2115.498"   zo="2151.902"   ri=" 277.000"   ro=" 446.690"  wi="163.100" wo="235.100"  s="12345678"  />
<ATrd n="MDT_EOL2"  zi="2115.498"   zo="2151.902"   ri=" 448.500"   ro=" 618.190"  wi="259.100" wo="331.100"  s="12345678"  />
<ATrd n="MDT_EOL3"  zi="2115.498"   zo="2151.902"   ri=" 620.000"   ro=" 765.670"  wi="343.100" wo="403.100"  s="12345678"  />
<ATrd n="MDT_EOL4"  zi="2115.498"   zo="2151.902"   ri=" 767.500"   ro=" 913.170"  wi="415.100" wo="475.100"  s="12345678"  />
<ATrd n="MDT_EOL5"  zi="2115.498"   zo="2151.902"   ri=" 915.000"   ro="1060.670"  wi="487.100" wo="547.100"  s="12345678"  />
<ATrd n="MDT_EOL6"  zi="2115.498"   zo="2151.902"   ri="1062.500"   ro="1208.170"  wi="559.100" wo="619.100"  s="12345678"  />


<!--  ==========  T1F  ==========  T1F  ==========  T1F  ==========  T1F  ==========  T1F  ==========  T1F  ==========  T1F  ==========  T1F  ==========  T1F  ==========  T1F  =====

-->

<!--    Define for  1 T1F chambers the Atlantis Graphics data

-->

<ATrd n="TGC_T1F1"  zi="1291.000" zo="1298.500" ri=" 170.300" ro=" 396.360"  wi=" 51.640" wo="111.160"  s="1_3_5_7_" dphi=" -7.500"  />

<ATrd n="TGC_T1F1"  zi="1306.000" zo="1313.500" ri=" 170.300" ro=" 396.360"  wi=" 51.640" wo="111.160"  s="_2_4_6_8" dphi=" -7.500"  />

<ATrd n="TGC_T1F1"  zi="1306.000" zo="1313.500" ri=" 170.300" ro=" 396.360"  wi=" 51.640" wo="111.160"  s="1_3_5_7_" dphi="  7.500"  />

<ATrd n="TGC_T1F1"  zi="1291.000" zo="1298.500" ri=" 170.300" ro=" 396.360"  wi=" 51.640" wo="111.160"  s="_2_4_6_8" dphi="  7.500"  />

<ATrd n="TGC_T1F1"  zi="1291.000" zo="1298.500" ri=" 170.300" ro=" 396.360"  wi=" 51.640" wo="111.160"  s="1_3_5_7_" dphi=" 22.500"  />

<ATrd n="TGC_T1F1"  zi="1306.000" zo="1313.500" ri=" 170.300" ro=" 396.360"  wi=" 51.640" wo="111.160"  s="_2_4_6_8" dphi=" 22.500"  />



<!--  ==========  T1E  ==========  T1E  ==========  T1E  ==========  T1E  ==========  T1E  ==========  T1E  ==========  T1E  ==========  T1E  ==========  T1E  ==========  T1E  =====

-->

<!--    Define for  1 T1E chambers the Atlantis Graphics data

-->

<ATrd n="TGC_T1E1"  zi="1291.000" zo="1306.000" ri=" 387.700" ro="1068.200"  wi=" 61.620" wo="152.630"  s="12345678" dphi="-11.250"  />

<ATrd n="TGC_T1E1"  zi="1306.000" zo="1321.000" ri=" 387.700" ro="1068.200"  wi=" 61.620" wo="152.630"  s="12345678" dphi=" -3.750"  />

<ATrd n="TGC_T1E1"  zi="1291.000" zo="1306.000" ri=" 387.700" ro="1068.200"  wi=" 61.620" wo="152.630"  s="12345678" dphi="  3.750"  />

<ATrd n="TGC_T1E1"  zi="1306.000" zo="1321.000" ri=" 387.700" ro="1068.200"  wi=" 61.620" wo="152.630"  s="12345678" dphi=" 11.250"  />

<ATrd n="TGC_T1E1"  zi="1291.000" zo="1306.000" ri=" 387.700" ro="1068.200"  wi=" 61.620" wo="152.630"  s="12345678" dphi=" 18.750"  />

<ATrd n="TGC_T1E1"  zi="1306.000" zo="1321.000" ri=" 387.700" ro="1068.200"  wi=" 61.620" wo="152.630"  s="12345678" dphi=" 26.250"  />



<!--  ==========  T2F  ==========  T2F  ==========  T2F  ==========  T2F  ==========  T2F  ==========  T2F  ==========  T2F  ==========  T2F  ==========  T2F  ==========  T2F  =====

-->

<!--    Define for  1 T2F chambers the Atlantis Graphics data

-->

<ATrd n="TGC_T2F1"  zi="1407.000" zo="1412.000" ri=" 249.900" ro=" 431.840"  wi=" 75.000" wo="122.900"  s="1_3_5_7_" dphi=" -7.500"  />

<ATrd n="TGC_T2F1"  zi="1417.000" zo="1422.000" ri=" 249.900" ro=" 431.840"  wi=" 75.000" wo="122.900"  s="_2_4_6_8" dphi=" -7.500"  />

<ATrd n="TGC_T2F1"  zi="1417.000" zo="1422.000" ri=" 249.900" ro=" 431.840"  wi=" 75.000" wo="122.900"  s="1_3_5_7_" dphi="  7.500"  />

<ATrd n="TGC_T2F1"  zi="1407.000" zo="1412.000" ri=" 249.900" ro=" 431.840"  wi=" 75.000" wo="122.900"  s="_2_4_6_8" dphi="  7.500"  />

<ATrd n="TGC_T2F1"  zi="1407.000" zo="1412.000" ri=" 249.900" ro=" 431.840"  wi=" 75.000" wo="122.900"  s="1_3_5_7_" dphi=" 22.500"  />

<ATrd n="TGC_T2F1"  zi="1417.000" zo="1422.000" ri=" 249.900" ro=" 431.840"  wi=" 75.000" wo="122.900"  s="_2_4_6_8" dphi=" 22.500"  />



<!--  ==========  T2E  ==========  T2E  ==========  T2E  ==========  T2E  ==========  T2E  ==========  T2E  ==========  T2E  ==========  T2E  ==========  T2E  ==========  T2E  =====

-->

<!--    Define for  1 T2E chambers the Atlantis Graphics data

-->

<ATrd n="TGC_T2E1"  zi="1407.000" zo="1417.000" ri=" 418.010" ro="1191.400"  wi=" 65.600" wo="167.980"  s="12345678" dphi="-11.250"  />

<ATrd n="TGC_T2E1"  zi="1417.000" zo="1427.000" ri=" 418.010" ro="1191.400"  wi=" 65.600" wo="167.980"  s="12345678" dphi=" -3.750"  />

<ATrd n="TGC_T2E1"  zi="1407.000" zo="1417.000" ri=" 418.010" ro="1191.400"  wi=" 65.600" wo="167.980"  s="12345678" dphi="  3.750"  />

<ATrd n="TGC_T2E1"  zi="1417.000" zo="1427.000" ri=" 418.010" ro="1191.400"  wi=" 65.600" wo="167.980"  s="12345678" dphi=" 11.250"  />

<ATrd n="TGC_T2E1"  zi="1407.000" zo="1417.000" ri=" 418.010" ro="1191.400"  wi=" 65.600" wo="167.980"  s="12345678" dphi=" 18.750"  />

<ATrd n="TGC_T2E1"  zi="1417.000" zo="1427.000" ri=" 418.010" ro="1191.400"  wi=" 65.600" wo="167.980"  s="12345678" dphi=" 26.250"  />



<!--  ==========  T3F  ==========  T3F  ==========  T3F  ==========  T3F  ==========  T3F  ==========  T3F  ==========  T3F  ==========  T3F  ==========  T3F  ==========  T3F  =====

-->

<!--    Define for  1 T3F chambers the Atlantis Graphics data

-->

<ATrd n="TGC_T3F1"  zi="1454.000" zo="1459.000" ri=" 258.300" ro=" 440.240"  wi=" 74.990" wo="122.900"  s="1_3_5_7_" dphi=" -7.500"  />

<ATrd n="TGC_T3F1"  zi="1464.000" zo="1469.000" ri=" 258.300" ro=" 440.240"  wi=" 74.990" wo="122.900"  s="_2_4_6_8" dphi=" -7.500"  />

<ATrd n="TGC_T3F1"  zi="1464.000" zo="1469.000" ri=" 258.300" ro=" 440.240"  wi=" 74.990" wo="122.900"  s="1_3_5_7_" dphi="  7.500"  />

<ATrd n="TGC_T3F1"  zi="1454.000" zo="1459.000" ri=" 258.300" ro=" 440.240"  wi=" 74.990" wo="122.900"  s="_2_4_6_8" dphi="  7.500"  />

<ATrd n="TGC_T3F1"  zi="1454.000" zo="1459.000" ri=" 258.300" ro=" 440.240"  wi=" 74.990" wo="122.900"  s="1_3_5_7_" dphi=" 22.500"  />

<ATrd n="TGC_T3F1"  zi="1464.000" zo="1469.000" ri=" 258.300" ro=" 440.240"  wi=" 74.990" wo="122.900"  s="_2_4_6_8" dphi=" 22.500"  />



<!--  ==========  T3E  ==========  T3E  ==========  T3E  ==========  T3E  ==========  T3E  ==========  T3E  ==========  T3E  ==========  T3E  ==========  T3E  ==========  T3E  =====

-->

<!--    Define for  1 T3E chambers the Atlantis Graphics data

-->

<ATrd n="TGC_T3E1"  zi="1454.000" zo="1464.000" ri=" 436.860" ro="1191.400"  wi=" 61.770" wo="167.980"  s="12345678" dphi="-11.250"  />

<ATrd n="TGC_T3E1"  zi="1464.000" zo="1474.000" ri=" 436.860" ro="1191.400"  wi=" 61.770" wo="167.980"  s="12345678" dphi=" -3.750"  />

<ATrd n="TGC_T3E1"  zi="1454.000" zo="1464.000" ri=" 436.860" ro="1191.400"  wi=" 61.770" wo="167.980"  s="12345678" dphi="  3.750"  />

<ATrd n="TGC_T3E1"  zi="1464.000" zo="1474.000" ri=" 436.860" ro="1191.400"  wi=" 61.770" wo="167.980"  s="12345678" dphi=" 11.250"  />

<ATrd n="TGC_T3E1"  zi="1454.000" zo="1464.000" ri=" 436.860" ro="1191.400"  wi=" 61.770" wo="167.980"  s="12345678" dphi=" 18.750"  />

<ATrd n="TGC_T3E1"  zi="1464.000" zo="1474.000" ri=" 436.860" ro="1191.400"  wi=" 61.770" wo="167.980"  s="12345678" dphi=" 26.250"  />



<!--  ==========  T4F  ==========  T4F  ==========  T4F  ==========  T4F  ==========  T4F  ==========  T4F  ==========  T4F  ==========  T4F  ==========  T4F  ==========  T4F  =====

-->

<!--    Define for  1 T4F chambers the Atlantis Graphics data

-->

<ATrd n="TGC_T4F1"  zi=" 686.900" zo=" 691.900" ri=" 220.300" ro=" 448.100"  wi=" 62.920" wo="122.900"  s="1_3_5_7_" dphi=" -7.500"  />

<ATrd n="TGC_T4F1"  zi=" 691.900" zo=" 696.900" ri=" 220.300" ro=" 448.100"  wi=" 62.920" wo="122.900"  s="_2_4_6_8" dphi=" -7.500"  />

<ATrd n="TGC_T4F1"  zi=" 691.900" zo=" 696.900" ri=" 220.300" ro=" 448.100"  wi=" 62.920" wo="122.900"  s="1_3_5_7_" dphi="  7.500"  />

<ATrd n="TGC_T4F1"  zi=" 686.900" zo=" 691.900" ri=" 220.300" ro=" 448.100"  wi=" 62.920" wo="122.900"  s="_2_4_6_8" dphi="  7.500"  />

<ATrd n="TGC_T4F1"  zi=" 686.900" zo=" 691.900" ri=" 220.300" ro=" 448.100"  wi=" 62.920" wo="122.900"  s="1_3_5_7_" dphi=" 22.500"  />

<ATrd n="TGC_T4F1"  zi=" 691.900" zo=" 696.900" ri=" 220.300" ro=" 448.100"  wi=" 62.920" wo="122.900"  s="_2_4_6_8" dphi=" 22.500"  />



<!--  ==========  T4E  ==========  T4E  ==========  T4E  ==========  T4E  ==========  T4E  ==========  T4E  ==========  T4E  ==========  T4E  ==========  T4E  ==========  T4E  =====

-->

<!--    Define for  1 T4E chambers the Atlantis Graphics data

-->

<ATrd n="TGC_T4E1"  zi=" 730.500" zo=" 735.500" ri=" 466.300" ro=" 614.700"  wi=" 86.390" wo="112.360"  s="12345678" dphi="-10.000"  />

<ATrd n="TGC_T4E1"  zi=" 725.500" zo=" 730.500" ri=" 466.300" ro=" 614.700"  wi=" 86.390" wo="112.360"  s="12345678"  />

<ATrd n="TGC_T4E1"  zi=" 730.500" zo=" 735.500" ri=" 466.300" ro=" 614.700"  wi=" 86.390" wo="112.360"  s="12345678" dphi=" 10.000"  />




</section>



</AMuonGeometry>

