<?xml version="1.0"?>
<!DOCTYPE AMuonGeometry [
<!ELEMENT AMuonGeometry (section)>
<!ELEMENT section (ABox | ATBx | ATrd)*>
<!ATTLIST section
          name        CDATA " "
          version     CDATA " "
          date        CDATA " "
          author      CDATA " "
          top_volume  CDATA " "
          DTD_version CDATA " ">
<!ELEMENT ABox   EMPTY >
<!ATTLIST ABox
          n          CDATA #REQUIRED
          zi         CDATA #REQUIRED
          zo         CDATA #REQUIRED
          ri         CDATA #REQUIRED
          ro         CDATA #REQUIRED
          w          CDATA #REQUIRED
          eta        CDATA #REQUIRED
          phi        CDATA #REQUIRED
          dphi       CDATA "0"
          sh         CDATA "0"
          RPCi       CDATA "0"
          RPCo       CDATA "0">
<!ELEMENT ATBx   EMPTY >
<!ATTLIST ATBx
          n          CDATA #REQUIRED
          zi         CDATA #REQUIRED
          zo         CDATA #REQUIRED
          ri         CDATA #REQUIRED
          ro         CDATA #REQUIRED
          w          CDATA #REQUIRED
          eta        CDATA #REQUIRED
          phi        CDATA #REQUIRED
          sh         CDATA "0"
          dphi       CDATA "0"
          RPCi       CDATA "0"
          RPCo       CDATA "0"
          zis        CDATA #REQUIRED
          zos        CDATA #REQUIRED
          ws         CDATA #REQUIRED
          or         CDATA "0">
<!ELEMENT ATrd   EMPTY >
<!ATTLIST ATrd
          n          CDATA #REQUIRED
          zi         CDATA #REQUIRED
          zo         CDATA #REQUIRED
          ri         CDATA #REQUIRED
          ro         CDATA #REQUIRED
          wi         CDATA #REQUIRED
          wo         CDATA #REQUIRED
          eta        CDATA #REQUIRED
          phi        CDATA #REQUIRED
          dphi       CDATA "0"
          sh         CDATA "0"
          a          CDATA "0">
]>
<AMuonGeometry>
<section name        = "AGMU"
         version     = "R.03.01.Initial"
         date        = ""
         author      = "Eric Jansen, Frans Crijns"
         top_volume  = ""
         DTD_version = "v4">
<ABox n="MDT_BIL" zi="33" zo="124.607" ri="474.091" ro="515.705" w="267.15" eta="1" phi="1 2 3 7" />
<ABox n="MDT_BIL" zi="51" zo="124.586" ri="474.091" ro="515.705" w="267.15" eta="1" phi="4" />
<ABox n="MDT_BIL" zi="56" zo="147.607" ri="525.691" ro="567.305" w="267.15" eta="1" phi="5" />
<ABox n="MDT_BIL" zi="125" zo="234.628" ri="474.091" ro="515.705" w="267.15" eta="2" phi="1 2 3 4 5 7" />
<ABox n="MDT_BIL" zi="235" zo="326.607" ri="474.091" ro="515.705" w="267.15" eta="3" phi="1 2 4 5 7" />
<ABox n="MDT_BIL" zi="235" zo="344.628" ri="474.091" ro="515.705" w="267.15" eta="3" phi="3" />
<ABox n="MDT_BIL" zi="345" zo="454.628" ri="474.091" ro="515.705" w="267.15" eta="4" phi="1 2 3 4 5" />
<ABox n="MDT_BIL" zi="345" zo="436.607" ri="474.091" ro="515.705" w="267.15" eta="4" phi="7" />
<ABox n="MDT_BIL" zi="455" zo="546.607" ri="474.091" ro="515.705" w="267.15" eta="5" phi="1 2 3 4 5" />
<ABox n="MDT_BIL" zi="437" zo="528.607" ri="474.091" ro="515.705" w="267.15" eta="5" phi="7" />
<ABox n="MDT_BIL" zi="547" zo="656.628" ri="474.091" ro="515.705" w="267.15" eta="6" phi="1 2 3 5" />
<ABox n="MDT_BIL" zi="547" zo="638.607" ri="474.091" ro="515.705" w="267.15" eta="6" phi="4 7" />
<ABox n="MDT_BIS" zi="1" zo="110.628" ri="440.793" ro="474.707" w="167.15" eta="1" phi="1 2 3 4 5 6 7 8" dphi="22.5" />
<ABox n="MDT_BIS" zi="111" zo="202.607" ri="440.793" ro="469.207" w="167.15" eta="2" phi="1 2 3 4 5 6 7 8" dphi="22.5" />
<ABox n="MDT_BIS" zi="203" zo="294.607" ri="440.793" ro="469.207" w="167.15" eta="3" phi="1 2 3 4 5 6 7 8" dphi="22.5" />
<ABox n="MDT_BIS" zi="295" zo="386.607" ri="440.793" ro="469.207" w="167.15" eta="4" phi="1 2 3" dphi="22.5" />
<ABox n="MDT_BIS" zi="313" zo="404.607" ri="440.793" ro="469.207" w="167.15" eta="4" phi="4 5 6 7 8" dphi="22.5" />
<ABox n="MDT_BIS" zi="387" zo="478.607" ri="440.793" ro="469.207" w="167.15" eta="5" phi="1 2 3" dphi="22.5" />
<ABox n="MDT_BIS" zi="405" zo="496.607" ri="440.793" ro="469.207" w="167.15" eta="5" phi="4 5 6 7 8" dphi="22.5" />
<ABox n="MDT_BIS" zi="479" zo="570.607" ri="440.793" ro="469.207" w="167.15" eta="6" phi="1 2 3" dphi="22.5" />
<ABox n="MDT_BIS" zi="497" zo="588.607" ri="440.793" ro="469.207" w="167.15" eta="6" phi="4 5 6 7 8" dphi="22.5" />
<ABox n="MDT_BIS" zi="571" zo="680.628" ri="440.793" ro="474.707" w="167.15" eta="7" phi="1 2 3" dphi="22.5" />
<ABox n="MDT_BIS" zi="589" zo="680.607" ri="440.793" ro="469.207" w="167.15" eta="7" phi="4 5 6 7 8" dphi="22.5" />
<ABox n="MDT_BIS" zi="681" zo="730.558" ri="454.864" ro="466.145" w="85.15" eta="8" phi="1 2 3 4 5 6 7 8" dphi="22.5" />
<ABox n="MDT_BML" zi="15" zo="184.698" ri="675.194" ro="754.205" w="357.6" eta="1" phi="1 2" RPCi="15" RPCo="15" />
<ABox n="MDT_BML" zi="39" zo="184.67" ri="675.194" ro="754.205" w="357.6" eta="1" phi="3 7" RPCi="15" RPCo="15" />
<ABox n="MDT_BML" zi="87" zo="184.614" ri="675.194" ro="753.005" w="357.6" eta="1" phi="4 5" RPCi="15" RPCo="15" />
<ABox n="MDT_BML" zi="63" zo="184.642" ri="675.194" ro="753.005" w="357.6" eta="1" phi="6 8" RPCi="15" RPCo="15" />
<ABox n="MDT_BML" zi="185" zo="354.698" ri="675.194" ro="754.205" w="357.6" eta="2" phi="1 2 3 4 5 6 7 8" RPCi="15" RPCo="15" />
<ABox n="MDT_BML" zi="355" zo="524.698" ri="675.194" ro="754.205" w="357.6" eta="3" phi="1 2 3 4 5 6 7 8" RPCi="15" RPCo="15" />
<ABox n="MDT_BML" zi="525" zo="646.642" ri="675.194" ro="753.005" w="357.6" eta="4" phi="1 2 3 4 5 6 8" RPCi="15" RPCo="15" />
<ABox n="MDT_BML" zi="647" zo="768.642" ri="675.194" ro="753.005" w="357.6" eta="4" phi="7" RPCi="15" RPCo="15" />
<ABox n="MDT_BML" zi="647" zo="768.642" ri="675.194" ro="753.005" w="357.6" eta="5" phi="1 2 3 4 5 6 8" RPCi="15" RPCo="15" />
<ABox n="MDT_BML" zi="769" zo="914.67" ri="675.194" ro="754.205" w="357.6" eta="5" phi="7" RPCi="15" RPCo="15" />
<ABox n="MDT_BML" zi="769" zo="914.67" ri="675.194" ro="754.205" w="357.6" eta="6" phi="1 2 3 4 5 6 8" RPCi="15" RPCo="15" />
<ABox n="MDT_BML" zi="918" zo="966" ri="755.75" ro="765.75" w="304" eta="6" phi="7" RPCi="15" RPCo="15" />
<ABox n="MDT_BML" zi="918" zo="966" ri="755.75" ro="765.75" w="304" eta="7" phi="1 2 3 4 5 6 8" RPCi="15" RPCo="15" />
<ABox n="MDT_BMS" zi="15" zo="184.698" ri="777.694" ro="842.905" w="309.6" eta="1" phi="1 2 3 4 5 8" dphi="22.5" RPCi="15" RPCo="15" />
<ABox n="MDT_BMS" zi="185" zo="364.5" ri="777.694" ro="845.705" w="309.6" eta="2" phi="1 2 3 4 5 8" dphi="22.5" RPCi="15" RPCo="15" />
<ABox n="MDT_BMS" zi="368" zo="513.67" ri="777.694" ro="841.705" w="309.6" eta="3" phi="1 2 3 4 5 8" dphi="22.5" RPCi="15" RPCo="15" />
<ABox n="MDT_BMS" zi="514" zo="691.35" ri="777.694" ro="851.305" w="309.6" eta="4" phi="1 2 3 4 5 8" dphi="22.5" RPCi="15" RPCo="15" />
<ABox n="MDT_BMS" zi="692.5" zo="790.114" ri="777.694" ro="841.705" w="309.6" eta="5" phi="1 2 3 4 5 8" dphi="22.5" RPCi="15" RPCo="15" />
<ABox n="MDT_BMS" zi="790.5" zo="936.17" ri="777.694" ro="842.905" w="309.6" eta="6" phi="1 2 3 4 5 8" dphi="22.5" RPCi="15" RPCo="15" />
<ABox n="MDT_BOL" zi="15" zo="232.754" ri="924.444" ro="989.055" w="498.6" eta="1" phi="1 2 3" RPCo="15" />
<ABox n="MDT_BOL" zi="87" zo="232.67" ri="924.444" ro="989.055" w="498.6" eta="1" phi="4 5" RPCo="15" />
<ABox n="MDT_BOL" zi="63" zo="232.698" ri="924.444" ro="989.055" w="498.6" eta="1" phi="6 7 8" RPCo="15" />
<ABox n="MDT_BOL" zi="233" zo="450.754" ri="924.444" ro="989.055" w="498.6" eta="2" phi="1 2 3 4 5 6 8" RPCo="15" />
<ABox n="MDT_BOL" zi="233" zo="378.67" ri="924.444" ro="989.055" w="498.6" eta="2" phi="7" RPCo="15" />
<ABox n="MDT_BOL" zi="451" zo="620.698" ri="924.444" ro="989.055" w="498.6" eta="3" phi="1 2 3 4 5 6 8" RPCo="15" />
<ABox n="MDT_BOL" zi="379" zo="524.67" ri="924.444" ro="989.055" w="498.6" eta="3" phi="7" RPCo="15" />
<ABox n="MDT_BOL" zi="621" zo="838.754" ri="924.444" ro="989.055" w="498.6" eta="4" phi="1 2 3 4 5 6 7 8" RPCo="15" />
<ABox n="MDT_BOL" zi="839" zo="1056.75" ri="924.444" ro="989.055" w="498.6" eta="5" phi="1 2 3 4 5 6 7 8" RPCo="15" />
<ABox n="MDT_BOL" zi="1057" zo="1226.7" ri="924.444" ro="989.055" w="498.6" eta="6" phi="1 2 3 4 5 6 7 8" RPCo="15" />
<ABox n="MDT_BOS" zi="1" zo="218.754" ri="1019.19" ro="1082.46" w="379.6" eta="1" phi="1 2 3 5 8" dphi="22.5" RPCi="15" />
<ABox n="MDT_BOS" zi="73" zo="218.67" ri="1019.19" ro="1082.46" w="379.6" eta="1" phi="4" dphi="22.5" RPCi="15" />
<ABox n="MDT_BOS" zi="219" zo="436.754" ri="1019.19" ro="1082.46" w="379.6" eta="2" phi="1 2 3 4 5 8" dphi="22.5" RPCi="15" />
<ABox n="MDT_BOS" zi="437" zo="654.754" ri="1019.19" ro="1082.46" w="379.6" eta="3" phi="1 2 3 4 5 8" dphi="22.5" RPCi="15" />
<ABox n="MDT_BOS" zi="655" zo="872.754" ri="1019.19" ro="1082.46" w="379.6" eta="4" phi="1 2 3 4 5 8" dphi="22.5" RPCi="15" />
<ABox n="MDT_BOS" zi="873" zo="1090.75" ri="1019.19" ro="1082.46" w="379.6" eta="5" phi="1 2 3 4 5 8" dphi="22.5" RPCi="15" />
<ABox n="MDT_BOS" zi="1091" zo="1284.73" ri="1019.19" ro="1082.46" w="379.6" eta="6" phi="1 2 3 4 5 8" dphi="22.5" RPCi="15" />
<ABox n="MDT_BEE" zi="889" zo="1034.67" ri="433.023" ro="452.33" w="91.15" eta="1" phi="1 2 3 4 5 6 7 8" dphi="22.5" />
<ABox n="MDT_BEE" zi="1035" zo="1180.67" ri="433.023" ro="452.33" w="91.15" eta="2" phi="1 2 3 4 5 6 7 8" dphi="22.5" />
<ABox n="MDT_BIR" zi="52" zo="143.607" ri="592.407" ro="634.02" w="267.15" eta="1" phi="6" sh="11.65" />
<ABox n="MDT_BIR" zi="52" zo="143.607" ri="592.407" ro="634.02" w="267.15" eta="1" phi="8" sh="-11.65" />
<ABox n="MDT_BIR" zi="200" zo="291.607" ri="596.1" ro="637.713" w="153.65" eta="2" phi="6" sh="68.4" />
<ABox n="MDT_BIR" zi="200" zo="291.607" ri="596.1" ro="637.713" w="153.65" eta="2" phi="8" sh="-68.4" />
<ABox n="MDT_BIR" zi="292" zo="392.617" ri="594.083" ro="635.697" w="110.55" eta="3" phi="6" sh="46.85" />
<ABox n="MDT_BIR" zi="292" zo="392.617" ri="594.083" ro="635.697" w="110.55" eta="3" phi="8" sh="-46.85" />
<ABox n="MDT_BIR" zi="394" zo="485.607" ri="596.1" ro="637.713" w="153.65" eta="4" phi="6" sh="68.4" />
<ABox n="MDT_BIR" zi="394" zo="485.607" ri="596.1" ro="637.713" w="153.65" eta="4" phi="8" sh="-68.4" />
<ABox n="MDT_BIR" zi="541" zo="614.586" ri="596.1" ro="637.713" w="153.65" eta="5" phi="6" sh="68.4" />
<ABox n="MDT_BIR" zi="541" zo="614.586" ri="596.1" ro="637.713" w="153.65" eta="5" phi="8" sh="-68.4" />
<ABox n="MDT_BIR" zi="616" zo="725.628" ri="594.083" ro="635.697" w="110.55" eta="6" phi="6" sh="46.85" />
<ABox n="MDT_BIR" zi="616" zo="725.628" ri="594.083" ro="635.697" w="110.55" eta="6" phi="8" sh="-46.85" />
<ABox n="MDT_BMF" zi="62.5" zo="280.254" ri="777.694" ro="841.705" w="309.6" eta="1" phi="6 7" dphi="22.5" RPCi="15" RPCo="15" />
<ABox n="MDT_BMF" zi="406" zo="599.726" ri="777.694" ro="841.705" w="309.6" eta="2" phi="6 7" dphi="22.5" RPCi="15" RPCo="15" />
<ABox n="MDT_BMF" zi="728" zo="873.67" ri="777.694" ro="841.705" w="309.6" eta="3" phi="6 7" dphi="22.5" RPCi="15" RPCo="15" />
<ABox n="MDT_BOF" zi="62.57" zo="280.324" ri="1028.19" ro="1093.06" w="379.6" eta="1" phi="6 7" dphi="22.5" RPCo="15" />
<ABox n="MDT_BOF" zi="405.46" zo="599.186" ri="1028.19" ro="1106.21" w="379.6" eta="2" phi="6 7" dphi="22.5" RPCo="15" />
<ABox n="MDT_BOF" zi="727.92" zo="873.59" ri="1028.19" ro="1107.41" w="379.6" eta="3" phi="6 7" dphi="22.5" RPCo="15" />
<ABox n="MDT_BOF" zi="1002.6" zo="1124.24" ri="1028.19" ro="1106.21" w="379.6" eta="4" phi="6 7" dphi="22.5" RPCo="15" />
<ABox n="MDT_BOG" zi="-60.821" zo="60.8208" ri="1028.19" ro="1093.06" w="379.6" eta="0" phi="6 7" dphi="22.5" RPCo="15" />
<ABox n="MDT_BOG" zi="282.07" zo="403.712" ri="1028.19" ro="1093.06" w="379.6" eta="1" phi="6 7" dphi="22.5" RPCo="15" />
<ABox n="MDT_BOG" zi="602.75" zo="724.392" ri="1028.19" ro="1093.06" w="379.6" eta="2" phi="6 7" dphi="22.5" RPCo="15" />
<ABox n="MDT_BOG" zi="877.14" zo="998.782" ri="1028.19" ro="1106.21" w="379.6" eta="3" phi="6 7" dphi="22.5" RPCo="15" />
<ABox n="MDT_BOG" zi="1147.2" zo="1268.84" ri="1028.19" ro="1106.21" w="379.6" eta="4" phi="6 7" dphi="22.5" RPCo="15" />
<ATrd n="MDT_EIL1" zi="749.146" zo="785.86" ri="207.6" ro="317.228" wi="132.15" wo="186.9" eta="1" phi="1 2 3 4 5 6 7 8" />
<ATrd n="MDT_EIL2" zi="749.146" zo="785.86" ri="319.1" ro="428.728" wi="186.15" wo="240.9" eta="2" phi="1 2 3 4 5 6 7 8" />
<ATrd n="MDT_EIL3" zi="749.146" zo="785.86" ri="427.231" ro="464.775" wi="207.15" wo="207.15" eta="3" phi="1 2 3 4 5 7" />
<ATrd n="MDT_EIL3" zi="749.146" zo="785.86" ri="427.536" ro="465.08" wi="174.15" wo="174.15" eta="3" phi="6" sh="-16.5" />
<ATrd n="MDT_EIL3" zi="749.146" zo="785.86" ri="427.535" ro="465.079" wi="174.15" wo="174.15" eta="3" phi="8" sh="16.5" />
<ATrd n="MDT_EIL4" zi="745.796" zo="782.51" ri="471.998" ro="509.542" wi="153.65" wo="153.65" eta="4" phi="1 5" />
<ATrd n="MDT_EIL4" zi="745.796" zo="782.51" ri="472" ro="635.691" wi="235.15" wo="316.9" eta="4" phi="2 3 7" />
<ATrd n="MDT_EIL4" zi="745.796" zo="782.51" ri="473.105" ro="636.796" wi="165.15" wo="246.9" eta="4" phi="4" sh="35" />
<ATrd n="MDT_EIL4" zi="745.796" zo="782.51" ri="511.445" ro="639.094" wi="128.15" wo="191.9" eta="4" phi="6" sh="-62.5" />
<ATrd n="MDT_EIL4" zi="745.796" zo="782.51" ri="511.445" ro="639.094" wi="128.15" wo="191.9" eta="4" phi="8" sh="62.5" />
<ATrd n="MDT_EIL5" zi="745.796" zo="782.51" ri="508.04" ro="635.689" wi="253.15" wo="316.9" eta="5" phi="1 5" />
<ATrd n="MDT_EML1" zi="1411.25" zo="1447.66" ri="177" ro="346.698" wi="118.65" wo="203.4" eta="1" phi="1 2 3 4 5 6 7 8" />
<ATrd n="MDT_EML2" zi="1411.25" zo="1447.66" ri="348.5" ro="542.226" wi="202.65" wo="299.4" eta="2" phi="1 2 3 4 5 6 7 8" />
<ATrd n="MDT_EML3" zi="1411.25" zo="1447.66" ri="544" ro="737.726" wi="298.65" wo="395.4" eta="3" phi="1 2 3 4 5 6 7 8" />
<ATrd n="MDT_EML4" zi="1411.25" zo="1447.66" ri="739.5" ro="933.226" wi="394.65" wo="491.4" eta="4" phi="1 2 3 4 5 6 7 8" />
<ATrd n="MDT_EML5" zi="1411.25" zo="1447.66" ri="935" ro="1128.73" wi="490.65" wo="587.4" eta="5" phi="1 2 3 4 5 6 7 8" />
<ATrd n="MDT_EMS1" zi="1369.65" zo="1406.06" ri="177" ro="370.726" wi="83.55" wo="141.6" eta="1" phi="1 2 3 4 5 6 7 8" dphi="22.5" />
<ATrd n="MDT_EMS2" zi="1369.65" zo="1406.06" ri="372.5" ro="566.226" wi="141.15" wo="199.2" eta="2" phi="1 2 3 4 5 6 7 8" dphi="22.5" />
<ATrd n="MDT_EMS3" zi="1369.65" zo="1406.06" ri="568" ro="761.726" wi="198.75" wo="256.8" eta="3" phi="1 2 3 4 5 6 7 8" dphi="22.5" />
<ATrd n="MDT_EMS4" zi="1369.65" zo="1406.06" ri="763.5" ro="957.226" wi="256.35" wo="314.4" eta="4" phi="1 2 3 4 5 6 7 8" dphi="22.5" />
<ATrd n="MDT_EMS5" zi="1369.65" zo="1406.06" ri="959" ro="1152.73" wi="313.95" wo="372" eta="5" phi="1 2 3 4 5 6 7 8" dphi="22.5" />
<ATrd n="MDT_EOL1" zi="2124.25" zo="2160.66" ri="277" ro="446.698" wi="168.15" wo="252.9" eta="1" phi="1 2 3 4 5 6 7 8" />
<ATrd n="MDT_EOL2" zi="2124.25" zo="2160.66" ri="448.5" ro="618.198" wi="264.15" wo="348.9" eta="2" phi="1 2 3 4 5 6 7 8" />
<ATrd n="MDT_EOL3" zi="2124.25" zo="2160.66" ri="620" ro="765.67" wi="348.15" wo="420.9" eta="3" phi="1 2 3 4 5 6 7 8" />
<ATrd n="MDT_EOL4" zi="2124.25" zo="2160.66" ri="767.5" ro="913.17" wi="420.15" wo="492.9" eta="4" phi="1 2 3 4 5 6 7 8" />
<ATrd n="MDT_EOL5" zi="2124.25" zo="2160.66" ri="915" ro="1060.67" wi="492.15" wo="564.9" eta="5" phi="1 2 3 4 5 6 7 8" />
<ATrd n="MDT_EOL6" zi="2124.25" zo="2160.66" ri="1062.5" ro="1208.17" wi="564.15" wo="636.9" eta="6" phi="1 2 3 4 5 6 7 8" />
<ATrd n="MDT_EOS1" zi="2165.85" zo="2202.26" ri="277" ro="446.698" wi="124.95" wo="175.8" eta="1" phi="1 2 3 4 5 6 7 8" dphi="22.5" />
<ATrd n="MDT_EOS2" zi="2165.85" zo="2202.26" ri="448.5" ro="618.198" wi="175.35" wo="226.2" eta="2" phi="1 2 3 4 5 6 7 8" dphi="22.5" />
<ATrd n="MDT_EOS3" zi="2165.85" zo="2202.26" ri="620" ro="789.698" wi="225.75" wo="276.6" eta="3" phi="1 2 3 4 5 6 7 8" dphi="22.5" />
<ATrd n="MDT_EOS4" zi="2165.85" zo="2202.26" ri="791.5" ro="937.17" wi="276.15" wo="319.8" eta="4" phi="1 2 3 4 5 6 7 8" dphi="22.5" />
<ATrd n="MDT_EOS5" zi="2165.85" zo="2202.26" ri="939" ro="1084.67" wi="319.35" wo="363" eta="5" phi="1 2 3 4 5 6 7 8" dphi="22.5" />
<ATrd n="MDT_EOS6" zi="2165.85" zo="2202.26" ri="1086.5" ro="1232.17" wi="362.55" wo="406.2" eta="6" phi="1 2 3 4 5 6 7 8" dphi="22.5" />
<ATrd n="TGC_T1F1" zi="1327.15" zo="1334.15" ri="190" ro="397.54" wi="57.69" wo="112.34" eta="1" phi="1 3 5 7 9 11 13 15 17 19 21 23" dphi="7.5" />
<ATrd n="TGC_T1F1" zi="1345.05" zo="1352.05" ri="190" ro="397.54" wi="57.69" wo="112.34" eta="1" phi="2 4 6 8 10 12 14 16 18 20 22 24" dphi="7.5" />
<ATrd n="TGC_T1E1" zi="1345.05" zo="1359.95" ri="388" ro="1068.2" wi="64.49" wo="154.85" eta="1" phi="1 3 5 7 9 11 13 15 17 19 21 23 25 27 29 31 33 35 37 39 41 43 45 47" dphi="3.75" />
<ATrd n="TGC_T1E1" zi="1327.15" zo="1342.05" ri="388" ro="1068.2" wi="64.49" wo="154.85" eta="1" phi="2 4 6 8 10 12 14 16 18 20 22 24 26 28 30 32 34 36 38 40 42 44 46 48" dphi="3.75" />
<ATrd n="TGC_T2F1" zi="1460.05" zo="1464.42" ri="252.59" ro="432.15" wi="75.51" wo="122.78" eta="1" phi="1 3 5 7 9 11 13 15 17 19 21 23" dphi="7.5" />
<ATrd n="TGC_T2F1" zi="1475.55" zo="1479.92" ri="252.59" ro="432.15" wi="75.51" wo="122.78" eta="1" phi="2 4 6 8 10 12 14 16 18 20 22 24" dphi="7.5" />
<ATrd n="TGC_T2E1" zi="1475.55" zo="1485.42" ri="418.4" ro="1191.7" wi="68.47" wo="170.84" eta="1" phi="1 3 5 7 9 11 13 15 17 19 21 23 25 27 29 31 33 35 37 39 41 43 45 47" dphi="3.75" />
<ATrd n="TGC_T2E1" zi="1460.05" zo="1469.92" ri="418.4" ro="1191.7" wi="68.47" wo="170.84" eta="1" phi="2 4 6 8 10 12 14 16 18 20 22 24 26 28 30 32 34 36 38 40 42 44 46 48" dphi="3.75" />
<ATrd n="TGC_T3F1" zi="1502.05" zo="1506.42" ri="261" ro="440.56" wi="75.51" wo="122.79" eta="1" phi="1 3 5 7 9 11 13 15 17 19 21 23" dphi="7.5" />
<ATrd n="TGC_T3F1" zi="1517.55" zo="1521.92" ri="261" ro="440.56" wi="75.51" wo="122.79" eta="1" phi="2 4 6 8 10 12 14 16 18 20 22 24" dphi="7.5" />
<ATrd n="TGC_T3E1" zi="1517.55" zo="1527.42" ri="436.56" ro="1191.7" wi="70.84" wo="170.84" eta="1" phi="1 3 5 7 9 11 13 15 17 19 21 23 25 27 29 31 33 35 37 39 41 43 45 47" dphi="3.75" />
<ATrd n="TGC_T3E1" zi="1502.05" zo="1511.92" ri="436.56" ro="1191.7" wi="70.84" wo="170.84" eta="1" phi="2 4 6 8 10 12 14 16 18 20 22 24 26 28 30 32 34 36 38 40 42 44 46 48" dphi="3.75" />
<ATrd n="TGC_T4F1" zi="698.06" zo="702.43" ri="217" ro="443.4" wi="62.38" wo="121.99" eta="1" phi="1 3 4 6 7 9 10 12 13 15 16 18 19 21 22 24" dphi="7.5" />
<ATrd n="TGC_T4F1" zi="693.04" zo="697.41" ri="217" ro="433.4" wi="62.38" wo="119.36" eta="1" phi="2 5 8 11 14 17 20 23" dphi="7.5" />
<ATrd n="TGC_T4E1" zi="730.87" zo="735.24" ri="470" ro="619" wi="83.33" wo="108.09" eta="1" phi="1 4 7" />
<ATrd n="TGC_T4E1" zi="737.53" zo="741.9" ri="520" ro="619" wi="91.64" wo="108.09" eta="1" phi="2" dphi="-5.5" />
<ATrd n="TGC_T4E1" zi="737.53" zo="741.9" ri="470" ro="619" wi="83.33" wo="108.09" eta="1" phi="3 6" dphi="5.5" />
<ATrd n="TGC_T4E1" zi="737.53" zo="741.9" ri="470" ro="619" wi="83.33" wo="108.09" eta="1" phi="5 8" dphi="-5.5" />
<ATrd n="TGC_T4E1" zi="730.87" zo="735.24" ri="470" ro="619" wi="83.33" wo="108.09" eta="1" phi="9 12" dphi="15" />
<ATrd n="TGC_T4E1" zi="737.53" zo="741.9" ri="470" ro="619" wi="83.33" wo="108.09" eta="1" phi="10" dphi="9.5" />
<ATrd n="TGC_T4E1" zi="737.53" zo="741.9" ri="520" ro="619" wi="91.64" wo="108.09" eta="1" phi="11 14" dphi="20.5" />
<ATrd n="TGC_T4E1" zi="737.53" zo="741.9" ri="520" ro="619" wi="91.64" wo="108.09" eta="1" phi="13" dphi="9.5" />
<ATrd n="TGC_T4E1" zi="730.87" zo="735.24" ri="520" ro="619" wi="91.64" wo="108.09" eta="1" phi="15" dphi="15" />
<ATrd n="TGC_T4E1" zi="737.53" zo="741.9" ri="470" ro="619" wi="83.33" wo="108.09" eta="1" phi="16" dphi="35.5" />
<ATrd n="TGC_T4E1" zi="730.87" zo="735.24" ri="470" ro="619" wi="83.33" wo="108.09" eta="1" phi="17" dphi="30" />
<ATrd n="TGC_T4E1" zi="737.53" zo="741.9" ri="470" ro="619" wi="83.33" wo="108.09" eta="1" phi="18" dphi="24.5" />
<ATrd n="TGC_T4E1" zi="730.87" zo="735.24" ri="520" ro="619" wi="91.64" wo="108.09" eta="1" phi="19" dphi="45" />
<ATrd n="TGC_T4E1" zi="737.53" zo="741.9" ri="520" ro="619" wi="91.64" wo="108.09" eta="1" phi="20" dphi="39.5" />
<ATrd n="TGC_T4E1" zi="737.53" zo="741.9" ri="520" ro="619" wi="91.64" wo="108.09" eta="1" phi="21" dphi="50.5" />
<ATrd n="MDT_EIS1" zi="707.746" zo="744.46" ri="207.6" ro="335.249" wi="89.85" wo="128.1" eta="1" phi="1 2 3 4 5 6 7 8" dphi="22.5" />
<ATrd n="MDT_EIS2" zi="707.746" zo="744.46" ri="337.1" ro="446.728" wi="127.65" wo="160.5" eta="2" phi="1 2 3 4 5 6 7 8" dphi="22.5" />
<ATrd n="CSC_CSS1" zi="708.102" zo="738.022" ri="86.6016" ro="207.832" wi="40.29" wo="75.7865" eta="1" phi="1 2 3 4 5 6 7 8" dphi="22.5" a="-11.587" />
<ATrd n="CSC_CSL1" zi="744.539" zo="774.459" ri="92.0422" ro="206.732" wi="61.01" wo="117.027" eta="1" phi="1 2 3 4 5 6 7 8" a="-11.587" />
<ABox n="MDT_BIM" zi="107" zo="216.628" ri="519.465" ro="561.079" w="153.65" eta="1" phi="6" sh="-56.6" />
<ABox n="MDT_BIM" zi="107" zo="216.628" ri="519.465" ro="561.079" w="153.65" eta="1" phi="8" sh="56.6" />
<ABox n="MDT_BIM" zi="217" zo="326.628" ri="519.465" ro="561.079" w="153.65" eta="2" phi="6" sh="-56.6" />
<ABox n="MDT_BIM" zi="217" zo="326.628" ri="519.465" ro="561.079" w="153.65" eta="2" phi="8" sh="56.6" />
<ABox n="MDT_BIM" zi="327" zo="436.628" ri="519.465" ro="561.079" w="153.65" eta="3" phi="6" sh="-56.6" />
<ABox n="MDT_BIM" zi="327" zo="436.628" ri="519.465" ro="561.079" w="153.65" eta="3" phi="8" sh="56.6" />
<ABox n="MDT_BIM" zi="437" zo="546.628" ri="519.465" ro="561.079" w="153.65" eta="4" phi="6" sh="-56.6" />
<ABox n="MDT_BIM" zi="437" zo="546.628" ri="519.465" ro="561.079" w="153.65" eta="4" phi="8" sh="56.6" />
<ABox n="MDT_BIM" zi="547" zo="656.628" ri="519.465" ro="561.079" w="153.65" eta="5" phi="6" sh="-56.6" />
<ABox n="MDT_BIM" zi="547" zo="656.628" ri="519.465" ro="561.079" w="153.65" eta="5" phi="8" sh="56.6" />
</section>
</AMuonGeometry>
