<?xml version="1.0"?>
<!DOCTYPE colormap  [
 <!ELEMENT colormap (Mapping*)>
 <!ATTLIST colormap
   numMaps   CDATA #REQUIRED
   numColors CDATA #REQUIRED>
 <!ELEMENT Mapping EMPTY>
 <!ATTLIST Mapping
   map   CDATA #REQUIRED
   index CDATA #REQUIRED
   r     CDATA #REQUIRED
   g     CDATA #REQUIRED
   b     CDATA #REQUIRED>
]>

<colormap numMaps="9" numColors="29" >
<!-- map 0 - Default(1) -->
  <!-- white -->
  <!-- pick color -->
  <Mapping  map="0" index="0"  r="255" g="255" b="255"/>
 <!-- geometry -->
  <Mapping  map="0" index="1"  r="58" g="58" b="58"/>
  <Mapping  map="0" index="2"  r="32" g="32" b="32"/>
  <Mapping  map="0" index="3"  r="205" g="92" b="92"/>
  <Mapping  map="0" index="4"  r="55" g="101" b="140"/>
  <Mapping  map="0" index="5"  r="130" g="200" b="130"/>
  <Mapping  map="0" index="6"  r="70" g="130" b="180"/>
  <Mapping  map="0" index="7"  r="200" g="200" b="200"/>
  <!-- background -->
  <Mapping  map="0" index="8"  r="255" g="255" b="255"/>
  <!-- frames -->
  <Mapping  map="0" index="9"  r="189" g="34" b="50"/>
  <Mapping  map="0" index="10"  r="180" g="180" b="81"/>
  <Mapping  map="0" index="11"  r="33" g="182" b="92"/>
  <Mapping  map="0" index="12"  r="89" g="206" b="223"/>
  <Mapping  map="0" index="13"  r="140" g="40" b="140"/>
  <!-- grey -->
  <Mapping  map="0" index="14"  r="153" g="153" b="153"/>
  <!-- cells -->
  <Mapping  map="0" index="15"  r="125" g="0" b="0"/>
  <Mapping  map="0" index="16"  r="255" g="255" b="128"/>
  <Mapping  map="0" index="17"  r="0" g="125" b="0"/>
  <Mapping  map="0" index="18"  r="181" g="229" b="251"/>
  <Mapping  map="0" index="19"  r="255" g="128" b="255"/>
   <!-- red -->
  <Mapping  map="0" index="20"  r="255" g="0" b="0"/>
  <!-- green -->
  <Mapping  map="0" index="21"  r="0" g="255" b="0"/>
  <!-- blue -->
  <Mapping  map="0" index="22"  r="0" g="0" b="255"/>
  <!-- yellow -->
  <Mapping  map="0" index="23"  r="255" g="255" b="0"/> 
  <!-- magenta -->
  <Mapping  map="0" index="24"  r="255" g="0" b="255"/>
  <!-- cyan -->
  <Mapping  map="0" index="25"  r="0" g="255" b="255"/>
  <!-- black -->
  <Mapping  map="0" index="26"  r="0" g="0" b="0"/>
  <!-- orange -->
  <Mapping  map="0" index="27"  r="255" g="115" b="0"/>
  <!-- cornflower blue -->
  <Mapping  map="0" index="28"  r="135" g="206" b="250"/>
<!-- map 1 - Default(2) -->
  <!-- white -->
  <Mapping  map="1" index="0"  r="176" g="176" b="176"/>
  <!-- geometry -->
  <Mapping  map="1" index="1"  r="58" g="58" b="58"/>
  <Mapping  map="1" index="2"  r="32" g="32" b="32"/>
  <Mapping  map="1" index="3"  r="254" g="102" b="0"/>
  <Mapping  map="1" index="4"  r="0" g="24" b="71"/>
  <Mapping  map="1" index="5"  r="130" g="200" b="130"/>
  <Mapping  map="1" index="6"  r="0" g="51" b="153"/>
  <Mapping  map="1" index="7"  r="200" g="200" b="200"/>
  <!-- background -->
  <Mapping  map="1" index="8"  r="255" g="255" b="255"/>
  <!-- frames -->
  <Mapping  map="1" index="9"  r="189" g="34" b="50"/>
  <Mapping  map="1" index="10"  r="180" g="180" b="81"/>
  <Mapping  map="1" index="11"  r="33" g="182" b="92"/>
  <Mapping  map="1" index="12"  r="89" g="206" b="223"/>
  <Mapping  map="1" index="13"  r="140" g="40" b="140"/>
  <!-- grey -->
  <Mapping  map="1" index="14"  r="153" g="153" b="153"/>
  <!-- cells -->
  <Mapping  map="1" index="15"  r="185" g="0" b="0"/>
  <Mapping  map="1" index="16"  r="255" g="255" b="128"/>
  <Mapping  map="1" index="17"  r="0" g="125" b="0"/>
  <Mapping  map="1" index="18"  r="181" g="229" b="251"/>
  <Mapping  map="1" index="19"  r="255" g="128" b="255"/>
  <!-- red -->
  <Mapping  map="1" index="20"  r="255" g="0" b="0"/>
  <!-- green -->
  <Mapping  map="1" index="21"  r="0" g="255" b="0"/>
  <!-- blue -->
  <Mapping  map="1" index="22"  r="0" g="0" b="255"/>
  <!-- yellow -->
  <Mapping  map="1" index="23"  r="255" g="255" b="0"/> 
  <!-- magenta -->
  <Mapping  map="1" index="24"  r="255" g="0" b="255"/>
  <!-- cyan -->
  <Mapping  map="1" index="25"  r="0" g="255" b="255"/>
  <!-- black -->
  <Mapping  map="1" index="26"  r="0" g="0" b="0"/>
  <!-- orange -->
  <Mapping  map="1" index="27"  r="255" g="170" b="0"/>
  <!-- cornflower blue -->
  <Mapping  map="1" index="28"  r="0" g="102" b="255"/>
<!-- map 2 - Default(M4+M5) -->
 <!-- white -->
 <Mapping  map="2" index="0"  r="255" g="255" b="255"/>
 <!-- geometry -->
 <Mapping  map="2" index="1"  r="40" g="0" b="0"/>
 <Mapping  map="2" index="2"  r="0" g="35" b="0"/>
 <Mapping  map="2" index="3"  r="132" g="39" b="32"/>
 <Mapping  map="2" index="4"  r="138" g="138" b="68"/>
 <Mapping  map="2" index="5"  r="98" g="134" b="122"/>
 <Mapping  map="2" index="6"  r="78" g="139" b="170"/>
 <Mapping  map="2" index="7"  r="97" g="65" b="97"/>
 <!-- background -->
 <Mapping  map="2" index="8"  r="44" g="47" b="50"/>
 <!-- frames -->
 <Mapping  map="2" index="9"  r="189" g="34" b="50"/>
 <Mapping  map="2" index="10"  r="180" g="180" b="81"/>
 <Mapping  map="2" index="11"  r="33" g="182" b="92"/>
 <Mapping  map="2" index="12"  r="89" g="206" b="223"/>
 <Mapping  map="2" index="13"  r="140" g="40" b="140"/>
 <!-- grey -->
 <Mapping  map="2" index="14"  r="153" g="153" b="153"/>
 <!-- cells -->
 <Mapping  map="2" index="15"  r="245" g="135" b="138"/>
 <Mapping  map="2" index="16"  r="255" g="255" b="128"/>
 <Mapping  map="2" index="17"  r="123" g="212" b="194"/>
 <Mapping  map="2" index="18"  r="181" g="229" b="251"/> 
 <Mapping  map="2" index="19"  r="255" g="128" b="255"/>
 <!-- red -->
 <Mapping  map="2" index="20"  r="255" g="0" b="0"/>
 <!-- green -->
 <Mapping  map="2" index="21"  r="0" g="255" b="0"/>
 <!-- blue -->
 <Mapping  map="2" index="22"  r="0" g="0" b="255"/>
 <!-- yellow -->
 <Mapping  map="2" index="23"  r="255" g="255" b="0"/> 
 <!-- magenta -->
 <Mapping  map="2" index="24"  r="255" g="0" b="255"/>
 <!-- cyan -->
 <Mapping  map="2" index="25"  r="0" g="255" b="255"/>
 <!-- black -->
 <Mapping  map="2" index="26"  r="0" g="0" b="0"/>
 <!-- orange -->
 <Mapping  map="2" index="27"  r="255" g="115" b="0"/>
 <!-- cornflower blue -->
 <Mapping  map="2" index="28"  r="102" g="128" b="255"/>
<!-- map 3 - Gray detector -->  
 <!-- white -->
 <Mapping  map="3" index="0"  r="255" g="255" b="255"/>
 <!-- geometry -->
 <Mapping  map="3" index="1"  r="0" g="0" b="0"/>
 <Mapping  map="3" index="2"  r="0" g="0" b="0"/>
 <Mapping  map="3" index="3"  r="32" g="32" b="32"/>
 <Mapping  map="3" index="4"  r="80" g="80" b="80"/>
 <Mapping  map="3" index="5"  r="16" g="16" b="16"/>
 <Mapping  map="3" index="6"  r="48" g="48" b="48"/>
 <Mapping  map="3" index="7"  r="64" g="64" b="64"/>
 <!-- background -->
 <Mapping  map="3" index="8"  r="112" g="112" b="112"/>
 <!-- frames -->
 <Mapping  map="3" index="9"  r="189" g="34" b="50"/>
 <Mapping  map="3" index="10"  r="180" g="180" b="81"/>
 <Mapping  map="3" index="11"  r="33" g="182" b="92"/>
 <Mapping  map="3" index="12"  r="89" g="206" b="223"/>
 <Mapping  map="3" index="13"  r="140" g="40" b="140"/>
 <!-- grey -->
 <Mapping  map="3" index="14"  r="153" g="153" b="153"/>
 <!-- cells -->
 <Mapping  map="3" index="15"  r="245" g="135" b="138"/>
 <Mapping  map="3" index="16"  r="255" g="255" b="128"/>
 <Mapping  map="3" index="17"  r="123" g="212" b="194"/>
 <Mapping  map="3" index="18"  r="181" g="229" b="251"/> 
 <Mapping  map="3" index="19"  r="255" g="128" b="255"/>
 <!-- red -->
 <Mapping  map="3" index="20"  r="255" g="0" b="0"/>
 <!-- green -->
 <Mapping  map="3" index="21"  r="0" g="255" b="0"/>
 <!-- blue -->
 <Mapping  map="3" index="22"  r="0" g="0" b="255"/>
 <!-- yellow -->
 <Mapping  map="3" index="23"  r="255" g="255" b="0"/> 
 <!-- magenta -->
 <Mapping  map="3" index="24"  r="255" g="0" b="255"/>
 <!-- cyan -->
 <Mapping  map="3" index="25"  r="0" g="255" b="255"/>
 <!-- black -->
 <Mapping  map="3" index="26"  r="0" g="0" b="0"/>
 <!-- orange -->
 <Mapping  map="3" index="27"  r="255" g="115" b="0"/>
 <!-- cornflower blue -->
 <Mapping  map="3" index="28"  r="102" g="128" b="255"/>
<!-- map 4 - Original -->
 <!-- white -->
 <Mapping  map="4" index="0"  r="255" g="255" b="255"/>
 <!-- geometry -->
 <Mapping  map="4" index="1"  r="0" g="0" b="0"/>
 <Mapping  map="4" index="2"  r="0" g="0" b="0"/>
 <Mapping  map="4" index="3"  r="255" g="0" b="0"/>
 <Mapping  map="4" index="4"  r="0" g="0" b="255"/>
 <Mapping  map="4" index="5"  r="0" g="255" b="0"/>
 <Mapping  map="4" index="6"  r="0" g="0" b="0"/>
 <Mapping  map="4" index="7"  r="255" g="0" b="255"/>
 <!-- background -->
 <Mapping  map="4" index="8"  r="0" g="204" b="255"/>
 <!-- frames -->
 <Mapping  map="4" index="9"  r="189" g="34" b="50"/>
 <Mapping  map="4" index="10"  r="180" g="180" b="81"/>
 <Mapping  map="4" index="11"  r="33" g="182" b="92"/>
 <Mapping  map="4" index="12"  r="89" g="206" b="223"/>
 <Mapping  map="4" index="13"  r="140" g="40" b="140"/>
 <!-- grey -->
 <Mapping  map="4" index="14"  r="153" g="153" b="153"/>
 <!-- cells -->
 <Mapping  map="4" index="15"  r="245" g="135" b="138"/>
 <Mapping  map="4" index="16"  r="255" g="255" b="128"/>
 <Mapping  map="4" index="17"  r="123" g="212" b="194"/>
 <Mapping  map="4" index="18"  r="181" g="229" b="251"/> 
 <Mapping  map="4" index="19"  r="255" g="128" b="255"/>
 <!-- red -->
 <Mapping  map="4" index="20"  r="255" g="0" b="0"/>
 <!-- green -->
 <Mapping  map="4" index="21"  r="0" g="255" b="0"/>
 <!-- blue -->
 <Mapping  map="4" index="22"  r="0" g="0" b="255"/>
 <!-- yellow -->
 <Mapping  map="4" index="23"  r="255" g="255" b="0"/> 
 <!-- magenta -->
 <Mapping  map="4" index="24"  r="255" g="0" b="255"/>
 <!-- cyan -->
 <Mapping  map="4" index="25"  r="0" g="255" b="255"/>
 <!-- black -->
 <Mapping  map="4" index="26"  r="0" g="0" b="0"/>
 <!-- orange -->
 <Mapping  map="4" index="27"  r="255" g="115" b="0"/>
 <!-- cornflower blue -->
 <Mapping  map="4" index="28"  r="102" g="128" b="255"/>
<!-- map 5 - Grey -->
 <!-- white -->
 <Mapping  map="5" index="0"  r="255" g="255" b="255"/>
 <Mapping  map="5" index="1"  r="255" g="255" b="255"/>
 <Mapping  map="5" index="2"  r="255" g="255" b="255"/>
 <Mapping  map="5" index="3"  r="255" g="255" b="255"/>
 <Mapping  map="5" index="4"  r="255" g="255" b="255"/>
 <Mapping  map="5" index="5"  r="255" g="255" b="255"/>
 <Mapping  map="5" index="6"  r="255" g="255" b="255"/>
 <Mapping  map="5" index="7"  r="255" g="255" b="255"/>
 <!-- grey -->
 <Mapping  map="5" index="8"  r="204" g="204" b="204"/>
 <!-- black -->
 <Mapping  map="5" index="9"  r="0" g="0" b="0"/>
 <Mapping  map="5" index="10"  r="0" g="0" b="0"/>
 <Mapping  map="5" index="11"  r="0" g="0" b="0"/>
 <Mapping  map="5" index="12"  r="0" g="0" b="0"/>
 <Mapping  map="5" index="13"  r="0" g="0" b="0"/>
 <Mapping  map="5" index="14"  r="0" g="0" b="0"/>
 <Mapping  map="5" index="15"  r="0" g="0" b="0"/>
 <Mapping  map="5" index="16"  r="0" g="0" b="0"/>
 <Mapping  map="5" index="17"  r="0" g="0" b="0"/>
 <Mapping  map="5" index="18"  r="0" g="0" b="0"/>
 <Mapping  map="5" index="19"  r="0" g="0" b="0"/>
 <Mapping  map="5" index="20"  r="0" g="0" b="0"/>
 <Mapping  map="5" index="21"  r="0" g="0" b="0"/>
 <Mapping  map="5" index="22"  r="0" g="0" b="0"/>
 <Mapping  map="5" index="23"  r="0" g="0" b="0"/>
 <Mapping  map="5" index="24"  r="0" g="0" b="0"/>
 <Mapping  map="5" index="25"  r="0" g="0" b="0"/>
 <Mapping  map="5" index="26"  r="0" g="0" b="0"/>
 <Mapping  map="5" index="27"  r="0" g="0" b="0"/>
 <Mapping  map="5" index="28"  r="0" g="0" b="0"/>
<!-- map 6 - BW -->
 <!-- white -->
 <Mapping  map="6" index="0"  r="255" g="255" b="255"/>
 <Mapping  map="6" index="1"  r="255" g="255" b="255"/>
 <Mapping  map="6" index="2"  r="255" g="255" b="255"/>
 <Mapping  map="6" index="3"  r="255" g="255" b="255"/>
 <Mapping  map="6" index="4"  r="255" g="255" b="255"/>
 <Mapping  map="6" index="5"  r="255" g="255" b="255"/>
 <Mapping  map="6" index="6"  r="255" g="255" b="255"/>
 <Mapping  map="6" index="7"  r="255" g="255" b="255"/>
 <Mapping  map="6" index="8"  r="255" g="255" b="255"/>
 <!-- black -->
 <Mapping  map="6" index="9"  r="0" g="0" b="0"/>
 <Mapping  map="6" index="10"  r="0" g="0" b="0"/>
 <Mapping  map="6" index="11"  r="0" g="0" b="0"/>
 <Mapping  map="6" index="12"  r="0" g="0" b="0"/>
 <Mapping  map="6" index="13"  r="0" g="0" b="0"/>
 <Mapping  map="6" index="14"  r="0" g="0" b="0"/>
 <Mapping  map="6" index="15"  r="0" g="0" b="0"/>
 <Mapping  map="6" index="16"  r="0" g="0" b="0"/>
 <Mapping  map="6" index="17"  r="0" g="0" b="0"/>
 <Mapping  map="6" index="18"  r="0" g="0" b="0"/>
 <Mapping  map="6" index="19"  r="0" g="0" b="0"/>
 <Mapping  map="6" index="20"  r="0" g="0" b="0"/>
 <Mapping  map="6" index="21"  r="0" g="0" b="0"/>
 <Mapping  map="6" index="22"  r="0" g="0" b="0"/>
 <Mapping  map="6" index="23"  r="0" g="0" b="0"/>
 <Mapping  map="6" index="24"  r="0" g="0" b="0"/>
 <Mapping  map="6" index="25"  r="0" g="0" b="0"/>
 <Mapping  map="6" index="26"  r="0" g="0" b="0"/>
 <Mapping  map="6" index="27"  r="0" g="0" b="0"/>
 <Mapping  map="6" index="28"  r="0" g="0" b="0"/>
<!-- map 7 - HITCOL --> 
 <Mapping  map="7" index="0"  r="0" g="0" b="85"/>
 <Mapping  map="7" index="1"  r="0" g="0" b="255"/>
 <Mapping  map="7" index="2"  r="85" g="85" b="170"/>
 <Mapping  map="7" index="3"  r="0" g="170" b="255"/>
 <Mapping  map="7" index="4"  r="0" g="255" b="255"/>
 <Mapping  map="7" index="5"  r="0" g="85" b="85"/>
 <Mapping  map="7" index="6"  r="0" g="85" b="0"/>
 <Mapping  map="7" index="7"  r="0" g="170" b="0"/>
 <Mapping  map="7" index="8"  r="0" g="255" b="0"/>
 <Mapping  map="7" index="9"  r="170" g="255" b="0"/>
 <Mapping  map="7" index="10"  r="255" g="255" b="0"/>
 <Mapping  map="7" index="11"  r="255" g="170" b="0"/>
 <Mapping  map="7" index="12"  r="170" g="85" b="0"/>
 <Mapping  map="7" index="13"  r="255" g="85" b="85"/>
 <Mapping  map="7" index="14"  r="255" g="0" b="0"/>
 <Mapping  map="7" index="15"  r="170" g="0" b="0"/>
 <Mapping  map="7" index="16"  r="85" g="0" b="0"/>
 <!-- not used -->
 <Mapping  map="7" index="17"  r="0" g="0" b="0"/>
 <Mapping  map="7" index="18"  r="0" g="0" b="0"/>
 <Mapping  map="7" index="19"  r="0" g="0" b="0"/>
 <Mapping  map="7" index="20"  r="0" g="0" b="0"/>
 <Mapping  map="7" index="21"  r="0" g="0" b="0"/>
 <Mapping  map="7" index="22"  r="0" g="0" b="0"/>
 <Mapping  map="7" index="23"  r="0" g="0" b="0"/>
 <Mapping  map="7" index="24"  r="0" g="0" b="0"/>
 <Mapping  map="7" index="25"  r="0" g="0" b="0"/>
 <Mapping  map="7" index="26"  r="0" g="0" b="0"/>
 <Mapping  map="7" index="27"  r="0" g="0" b="0"/>
 <Mapping  map="7" index="28"  r="0" g="0" b="0"/>
<!-- map 8 - GREY HITCOL -->  
 <Mapping  map="8" index="0"  r="255" g="255" b="255"/>
 <Mapping  map="8" index="1"  r="240" g="240" b="240"/>
 <Mapping  map="8" index="2"  r="224" g="224" b="224"/>
 <Mapping  map="8" index="3"  r="208" g="208" b="208"/>
 <Mapping  map="8" index="4"  r="192" g="192" b="192"/>
 <Mapping  map="8" index="5"  r="176" g="176" b="176"/>
 <Mapping  map="8" index="6"  r="160" g="160" b="160"/>
 <Mapping  map="8" index="7"  r="144" g="144" b="144"/>
 <Mapping  map="8" index="8"  r="128" g="128" b="128"/>
 <Mapping  map="8" index="9"  r="112" g="112" b="112"/>
 <Mapping  map="8" index="10"  r="96" g="96" b="96"/>
 <Mapping  map="8" index="11"  r="80" g="80" b="80"/>
 <Mapping  map="8" index="12"  r="64" g="64" b="64"/>
 <Mapping  map="8" index="13"  r="48" g="48" b="48"/>
 <Mapping  map="8" index="14"  r="32" g="32" b="32"/>
 <Mapping  map="8" index="15"  r="16" g="16" b="16"/>
 <!-- not used -->
 <Mapping  map="8" index="16"  r="0" g="0" b="0"/>
 <Mapping  map="8" index="17"  r="0" g="0" b="0"/>
 <Mapping  map="8" index="18"  r="0" g="0" b="0"/>
 <Mapping  map="8" index="19"  r="0" g="0" b="0"/>
 <Mapping  map="8" index="20"  r="0" g="0" b="0"/>
 <Mapping  map="8" index="21"  r="0" g="0" b="0"/>
 <Mapping  map="8" index="22"  r="0" g="0" b="0"/>
 <Mapping  map="8" index="23"  r="0" g="0" b="0"/>
 <Mapping  map="8" index="24"  r="0" g="0" b="0"/>
 <Mapping  map="8" index="25"  r="0" g="0" b="0"/>
 <Mapping  map="8" index="26"  r="0" g="0" b="0"/>
 <Mapping  map="8" index="27"  r="0" g="0" b="0"/>
 <Mapping  map="8" index="28"  r="0" g="0" b="0"/>
</colormap>
