<?xml version="1.0"?>

<!DOCTYPE PDG [

	<!ELEMENT PDG (Particle*)>

	<!ELEMENT Particle EMPTY>

	<!ATTLIST Particle
		charge (-1 | 0 | 1 | 10) #REQUIRED
		type CDATA #REQUIRED
		code CDATA #REQUIRED
		name CDATA #REQUIRED
	>

	<!--
		charge = 10 : unknown particle or bug
	-->

	<!ENTITY eta    "&#x03B7;">
	<!ENTITY rho    "&#x03C1;">
	<!ENTITY phi    "&#x03A6;">
	<!ENTITY delta  "&#x0394;">
	<!ENTITY pi     "&#x03C0;">
	<!ENTITY sigma  "&#x03A3;">
	<!ENTITY tau    "&#x03C4;">
	<!ENTITY xi     "&#x039E;">
	<!ENTITY omega  "&#x03A9;">
	<!ENTITY mu     "&#x03BC;">
	<!ENTITY gamma  "&#x03B3;">
	<!ENTITY nu     "&#x03BD;">
	<!ENTITY lambda "&#x039B;">
	<!ENTITY psi	"&#x03C8;">
	<!ENTITY upsilon	"&#x03A5;">
	
]>

<PDG>

	<!--
		'type' used for InDet selection cuts
	-->

	<Particle  charge="10"  type="0"  code="1"	 name="unknown" />
    <Particle  charge="10"  type="0"  code="0"   name="Bug" />
 	
    <Particle  charge="1"  type="1"  code="211"  name="&pi;" />
    <Particle  charge="1"  type="1"  code="2212" name="Proton" />
    <Particle  charge="1"  type="1"  code="321"  name="K" />
    <Particle  charge="1"  type="1"  code="3222" name="&sigma;" />
    <Particle  charge="-1" type="1"  code="3112" name="Anti-&sigma;" />
    <Particle  charge="1"  type="1"  code="411"  name="D" />
    <Particle  charge="1"  type="1"  code="431"  name="Ds" />
    <Particle  charge="-1" type="1"  code="3312" name="&xi;" />
    <Particle  charge="-1" type="1"  code="3334" name="&omega;" />
    <Particle  charge="-1" type="2"  code="15"   name="&tau;" />
    <Particle  charge="-1" type="3"  code="11"   name="e" />
    <Particle  charge="-1" type="4"  code="13"   name="&mu;" />
    <Particle  charge="0"  type="5"  code="111"  name="&pi;0" />
    <Particle  charge="0"  type="5"  code="2112" name="Neutron" />
    <Particle  charge="0"  type="5"  code="130"  name="K0_L" />
    <Particle  charge="0"  type="5"  code="310"  name="K0_S" />
    <Particle  charge="0"  type="5"  code="3212" name="&sigma;0" />
    <Particle  charge="0"  type="5"  code="221"  name="&eta;" />
    <Particle  charge="0"  type="5"  code="3122" name="&lambda;" />
    <Particle  charge="0"  type="5"  code="3322" name="&xi;0" />
    <Particle  charge="0"  type="5"  code="421"  name="D0" />
    <Particle  charge="0"  type="6"  code="22"   name="&gamma;" />
    <Particle  charge="0"  type="7"  code="12"   name="&nu;" />
    <Particle  charge="0"  type="7"  code="14"   name="&nu;" />
    <Particle  charge="0"  type="7"  code="16"   name="&nu;" />
    <Particle  charge="0"  type="7"  code="1000022" name="neutralino" />
    <Particle  charge="0"  type="7"  code="1000039" name="gravitino" />
    <Particle  charge="0"  type="8"  code="1"       name="u" />
    <Particle  charge="0"  type="8"  code="2"       name="d" />
    <Particle  charge="0"  type="8"  code="3"       name="s" />
    <Particle  charge="0"  type="8"  code="4"       name="c" />
    <Particle  charge="0"  type="8"  code="5"       name="b" />
    <Particle  charge="0"  type="8"  code="6"       name="t" />
    <Particle  charge="-1" type="9"  code="1000015" name="stau" />
    <Particle  charge="-1" type="9"  code="2000011" name="selectron" />
    <Particle  charge="-1" type="9"  code="2000013" name="smuon" />
    <Particle  charge="1"  type="10" code="24"      name="W" />
    <Particle  charge="-1" type="11" code="601"     name="From Ntuple: d" />
    <Particle  charge="1"  type="11" code="602"     name="From Ntuple: u" />
    <Particle  charge="-1" type="11" code="603"     name="From Ntuple: s" />
    <Particle  charge="1"  type="11" code="604"     name="From Ntuple: c" />
    <Particle  charge="-1" type="11" code="605"     name="From Ntuple: b" />
    <Particle  charge="1"  type="11" code="606"     name="From Ntuple: t" />
    <Particle  charge="0"  type="12"  code="21"       name="gluon" />
    <Particle  charge="0"  type="13"  code="23"       name="Z" />
    
    <!--
    	fragmentation types
    -->
    
    <Particle  charge="0"  type="14"  code="91"       name="cluster fragmentation" />
    <Particle  charge="0"  type="14"  code="92"       name="string fragmentation" />
    <Particle  charge="0"  type="14"  code="93"       name="independent fragmentation" />
    
    <!--
    	extra particles (Higgs (h0), J/psi, upsilon)
    -->
    
    <Particle  charge="0"  type="15"  code="25"       name="h0" />
    <Particle  charge="0"  type="15"  code="443"       name="J/&psi;" />
    <Particle  charge="0"  type="15"  code="553"       name="&upsilon;" />
    
</PDG>
